,titulo,preco,p_l,n_acoes,patrimonio,p_vp,ebit,roe,roic,liquidez
0,AALR3,"18,25","42,88",118.293.000,1.287.910.000,"1,68","11,8%","3,9%","5,5%","1,07"
1,ABCB4,"18,34","8,62",218.359.000,3.956.290.000,"1,01",-,"11,7%",-,-
2,ABEV3,"17,45","24,87",15.733.600.000,65.751.800.000,"4,18","30,9%","16,8%","21,4%","1,33"
3,ACES3,"95,27","8,79",74.320.000,3.105.800.000,"2,28","23,5%","25,9%","26,9%","2,05"
4,ABCB3,"0,00","0,00",218.359.000,3.956.290.000,"0,00",-,"11,7%",-,-
5,AFLU3,"5,15","9,15",18.818.000,44.270.000,"2,19","35,0%","23,9%","31,2%","3,27"
6,AFLU5,"5,03","8,93",18.818.000,44.270.000,"2,14","35,0%","23,9%","31,2%","3,27"
7,ABYA3,"4,91","-214,80",104.906.000,292.060.000,"1,76","10,3%","-0,8%","2,8%","2,09"
8,AESL3,"10.081,90","18,16",1.125.430,3.803.300.000,"2,98","13,6%","16,4%","11,1%","1,23"
9,AFLT3,"12,91","25,49",63.085.000,216.847.000,"3,76","77,0%","14,7%","18,1%","22,45"
10,AESL4,"10.081,90","18,16",1.125.430,3.803.300.000,"2,98","13,6%","16,4%","11,1%","1,23"
11,AELP3,"1,93","8,49",93.947.000,-904.000,"-200,57","0,5%","-2.363,8%",-,-
12,ADHM3,"1,51","-1,83",7.563.000,-19.776.000,"-0,58","-13.548,5%","31,5%","521,7%","0,00"
13,AEDU11,"37,35","20,13",437.071.000,2.415.400.000,"1,13","10,1%","5,6%","5,8%","2,04"
14,AEDU3,"18,35","59,34",437.071.000,2.415.400.000,"3,32","10,1%","5,6%","5,8%","2,04"
15,MARI3,"2,93","3,04",184.503.000,706.711.000,"0,76","6,9%","25,1%","10,7%","2,23"
16,YDUQ3,"39,40","20,15",309.089.000,3.192.040.000,"3,82","22,6%","18,9%","17,1%","2,44"
17,WMBY3,"25,39","-19,30",24.000.000,212.439.000,"2,87","9,7%","-14,9%","2,4%","1,44"
18,WLMM3,"9,88","10,56",36.414.700,414.642.000,"0,87","3,2%","8,2%","7,3%","3,15"
19,WIZS3,"11,35","8,47",159.907.000,245.690.000,"7,39","56,4%","87,2%","65,1%","0,77"
20,WISA3,"0,20","-0,28",6.856.000,-205.386.000,"-0,01","-71,4%","2,4%","-9,8%","0,18"
21,WSON33,"36,00","20,46",71.220.000,2.018.430.000,"1,27","34,5%","6,2%","13,5%","1,25"
22,WHRL4,"7,00","6,48",1.502.790.000,2.846.050.000,"3,70","3,9%","57,0%","6,2%","1,04"
23,WLMM4,"10,99","11,74",36.414.700,414.642.000,"0,97","3,2%","8,2%","7,3%","3,15"
24,WISA4,"0,25","-0,35",6.856.000,-205.386.000,"-0,01","-71,4%","2,4%","-9,8%","0,18"
25,WEGE4,"16,10","23,31",2.098.660.000,8.327.980.000,"4,06","15,6%","17,4%","17,6%","2,13"
26,WEGE3,"29,26","42,37",2.098.660.000,8.327.980.000,"7,37","15,6%","17,4%","17,6%","2,13"
27,WHRL3,"6,86","6,35",1.502.790.000,2.846.050.000,"3,62","3,9%","57,0%","6,2%","1,04"
28,VVAX4,"0,00","0,00",110.398.000,144.676.000,"0,00","-7,4%","-92,0%","-6,5%","2,19"
29,VVAX3,"0,00","0,00",110.398.000,144.676.000,"0,00","-7,4%","-92,0%","-6,5%","2,19"
30,VVAR4,"4,84","-7,33",1.298.860.000,1.474.000.000,"4,26","4,5%","-58,2%","7,7%","0,73"
31,VULC4,"18,00","30,69",245.756.000,1.042.570.000,"4,24","10,5%","13,8%","11,3%","3,91"
32,VVAR3,"7,60","-11,51",1.298.860.000,1.474.000.000,"6,70","4,5%","-58,2%","7,7%","0,73"
33,VULC3,"7,86","13,40",245.756.000,1.042.570.000,"1,85","10,5%","13,8%","11,3%","3,91"
34,VTLM3,"0,79","-0,96",7.563.000,-19.776.000,"-0,30","-13.548,5%","31,5%","521,7%","0,00"
35,VVAR11,"14,58","-7,36",1.298.860.000,1.474.000.000,"4,28","4,5%","-58,2%","7,7%","0,73"
36,VPTA4,"10,50","-0,07",548.710.000,-867.658.000,"-0,01","-193,6%","10,1%","-45,0%","0,23"
37,VPTA3,"5,00","-0,03",548.710.000,-867.658.000,"-0,00","-193,6%","10,1%","-45,0%","0,23"
38,VPSC4,"9,99","-0,05",529.960.000,1.232.000,"4,30","-22,8%","-8.246,8%","-28,6%","0,43"
39,VPSC3,"6,03","-0,03",529.960.000,1.232.000,"2,59","-22,8%","-8.246,8%","-28,6%","0,43"
40,VLID3,"15,60","11,73",71.225.000,1.160.780.000,"0,96","9,8%","8,2%","9,0%","2,02"
41,VIVT3,"45,84","14,87",1.690.980.000,70.612.300.000,"1,10","15,3%","7,4%","6,8%","1,09"
42,VNET3,"0,00","0,00",2.716.820.000,9.297.950.000,"0,00",-,"22,2%",-,-
43,VIVR3,"1,45","-0,27",46.317.000,-92.585.000,"-0,73","232,1%","273,3%","-17,1%","0,44"
44,VIVT4,"54,89","17,80",1.690.980.000,70.612.300.000,"1,31","15,3%","7,4%","6,8%","1,09"
45,VIVO4,"71,80","9,81",400.714.000,9.816.290.000,"2,93","22,0%","29,9%","23,9%","0,89"
46,VINE5,"17,64","4,14",42.389.000,1.118.520.000,"0,67","12,8%","16,1%","8,6%","1,91"
47,VIVO3,"65,79","8,99",400.714.000,9.816.290.000,"2,69","22,0%","29,9%","23,9%","0,89"
48,VGOR4,"5,87","-29,58",165.447.000,135.178.000,"7,18","4,5%","-24,3%","6,0%","1,04"
49,VIGR3,"25,00","36,57",162.768.000,1.593.560.000,"2,55","6,2%","7,0%","9,1%","1,26"
50,VIVA3,"23,75","0,00",236.198.000,604.529.000,"9,28",-,-,-,"2,19"
51,VINE3,"17,20","4,04",42.389.000,1.118.520.000,"0,65","12,8%","16,1%","8,6%","1,91"
52,VGOR3,"0,00","0,00",165.447.000,135.178.000,"0,00","4,5%","-24,3%","6,0%","1,04"
53,VCPA4,"26,01","4,72",553.734.000,14.149.000.000,"1,02","39,2%","21,6%","23,0%","1,46"
54,VALE5,"33,36","12,40",5.284.470.000,174.897.000.000,"1,01","41,8%","8,1%","17,9%","1,38"
55,VAGV3,"1,14","-0,05",69.927.000,-8.194.580.000,"-0,01","-5,1%","20,7%","-15,1%","0,52"
56,VAGV4,"1,02","-0,04",69.927.000,-8.194.580.000,"-0,01","-5,1%","20,7%","-15,1%","0,52"
57,VALE3,"47,00","17,47",5.284.470.000,174.897.000.000,"1,42","41,8%","8,1%","17,9%","1,38"
58,USIM5,"7,59","27,25",1.253.080.000,14.236.300.000,"0,67","8,3%","2,5%","5,1%","2,88"
59,USIM6,"8,00","28,72",1.253.080.000,14.236.300.000,"0,70","8,3%","2,5%","5,1%","2,88"
60,UOLL4,"19,62","43,52",120.132.000,1.003.690.000,"2,35","13,6%","5,4%","10,6%","1,01"
61,USIM3,"8,61","30,91",1.253.080.000,14.236.300.000,"0,76","8,3%","2,5%","5,1%","2,88"
62,UNIP5,"28,95","14,15",101.681.000,1.324.090.000,"2,22","15,4%","15,7%","16,4%","1,61"
63,UNIP6,"28,50","13,93",101.681.000,1.324.090.000,"2,19","15,4%","15,7%","16,4%","1,61"
64,UNIP3,"29,68","14,51",101.681.000,1.324.090.000,"2,28","15,4%","15,7%","16,4%","1,61"
65,UGPA4,"27,10","26,28",1.112.810.000,9.687.590.000,"3,11","1,9%","11,8%","7,2%","2,97"
66,UCOP4,"6,50","18,01",195.000.000,972.713.000,"1,30","83,9%","7,2%","3,9%","13,37"
67,UGPA3,"20,24","19,62",1.112.810.000,9.687.590.000,"2,32","1,9%","11,8%","7,2%","2,97"
68,UCAS3,"4,88","24,38",66.086.000,182.761.000,"1,76","8,0%","7,2%","7,4%","3,45"
69,UBBR4,"7,49","610,27",2.734.420.000,10.317.200.000,"1,99",-,"0,3%",-,-
70,UBBR3,"18,00","1.466,61",2.734.420.000,10.317.200.000,"4,77",-,"0,3%",-,-
71,UBBR11,"14,75","1.201,81",2.734.420.000,10.317.200.000,"3,91",-,"0,3%",-,-
72,TXRX4,"3,99","19,22",4.259.000,-305.523.000,"-0,06","2,7%","-0,3%","2,4%","0,16"
73,TUPY3,"19,70","9,99",144.178.000,2.338.990.000,"1,21","8,5%","12,2%","11,3%","2,15"
74,TXRX3,"3,44","16,57",4.259.000,-305.523.000,"-0,05","2,7%","-0,3%","2,4%","0,16"
75,TSPP3,"12,60","1,72",400.714.000,9.816.290.000,"0,51","22,0%","29,9%","23,9%","0,89"
76,TUPY4,"48,21","24,45",144.178.000,2.338.990.000,"2,97","8,5%","12,2%","11,3%","2,15"
77,TSPP4,"9,05","1,24",400.714.000,9.816.290.000,"0,37","22,0%","29,9%","23,9%","0,89"
78,TSEP4,"29,01","23,97",91.831.000,2.047.020.000,"1,30","8,6%","5,4%","9,1%","1,88"
79,TRPL4,"22,10","7,45",658.883.000,11.949.600.000,"1,22","67,8%","16,4%","12,5%","2,33"
80,TRPN3,"0,71","0,44",45.300.000,59.358.000,"0,54","72,3%","122,4%","523,0%","3,61"
81,TSEP3,"40,00","33,05",91.831.000,2.047.020.000,"1,79","8,6%","5,4%","9,1%","1,88"
82,TROR4,"1,56","-0,02",5.400.000,-1.959.650.000,"-0,00","-9,1%","21,1%","-9,8%","0,01"
83,TRPL3,"25,70","8,66",658.883.000,11.949.600.000,"1,42","67,8%","16,4%","12,5%","2,33"
84,TVIT3,"19,30","23,46",88.990.000,314.984.000,"5,45","10,6%","23,2%","17,6%","1,04"
85,TROR3,"2,63","-0,03",5.400.000,-1.959.650.000,"-0,01","-9,1%","21,1%","-9,8%","0,01"
86,TPRC3,"113,50","0,08",2.421.030.000,21.762.700.000,"0,01","14,9%","15,3%","7,5%","0,92"
87,TPRC6,"105,00","0,08",2.421.030.000,21.762.700.000,"0,01","14,9%","15,3%","7,5%","0,92"
88,TRIS3,"12,99","20,74",186.618.000,1.036.050.000,"2,34","19,2%","11,3%","12,5%","3,99"
89,TRFO3,"4,53","10,32",43.378.000,76.165.000,"2,58","14,6%","25,0%","27,6%","1,43"
90,TPIS3,"1,37","-0,47",176.000.000,684.212.000,"0,35","-3,7%","-75,5%","-1,0%","0,12"
91,TRFO4,"4,70","10,70",43.378.000,76.165.000,"2,68","14,6%","25,0%","27,6%","1,43"
92,TOYB4,"2,50","-47,96",30.064.000,-13.852.000,"-5,43","-58,2%","11,3%","-59,4%","0,49"
93,TOYB3,"2,29","-43,94",30.064.000,-13.852.000,"-4,97","-58,2%","11,3%","-59,4%","0,49"
94,TOTS3,"63,10","106,02",192.638.000,2.466.200.000,"4,93","29,2%","4,6%","32,6%","2,66"
95,TNLP4,"20,36","25,96",476.661.000,13.736.000.000,"0,71","10,1%","2,7%","4,6%","1,48"
96,TNEP4,"3,95","0,00",0,955.105.000,"0,00","20,9%","22,8%","20,5%","2,39"
97,TNLP3,"27,75","35,39",476.661.000,13.736.000.000,"0,96","10,1%","2,7%","4,6%","1,48"
98,TNCP4,"182,60","14,42",178.627.000,13.081.500.000,"2,49","26,1%","17,3%","16,5%","1,15"
99,TNEP3,"3,01","0,00",0,955.105.000,"0,00","20,9%","22,8%","20,5%","2,39"
100,TNCP3,"184,85","14,59",178.627.000,13.081.500.000,"2,52","26,1%","17,3%","16,5%","1,15"
101,TMGC3,"1.500,00","23,77",2.372.000,1.167.010.000,"3,05","6,5%","12,8%","8,7%","1,69"
102,TMGC13,"966,14","15,31",2.372.000,1.167.010.000,"1,96","6,5%","12,8%","8,7%","1,69"
103,TMGC7,"800,01","12,68",2.372.000,1.167.010.000,"1,63","6,5%","12,8%","8,7%","1,69"
104,TMGC12,"550,00","8,71",2.372.000,1.167.010.000,"1,12","6,5%","12,8%","8,7%","1,69"
105,TMGC11,"900,00","14,26",2.372.000,1.167.010.000,"1,83","6,5%","12,8%","8,7%","1,69"
106,TMCP4,"58,20","19,31",44.402.000,1.798.930.000,"1,44","6,3%","7,4%","5,5%","2,30"
107,TMCP3,"56,00","18,58",44.402.000,1.798.930.000,"1,38","6,3%","7,4%","5,5%","2,30"
108,TMAR6,"42,01","112,59",344.497.000,20.448.500.000,"0,71","12,8%","0,6%","5,8%","1,62"
109,TMAR5,"42,67","114,35",344.497.000,20.448.500.000,"0,72","12,8%","0,6%","5,8%","1,62"
110,TLCP3,"48,00","-5,02",9.644.000,262.979.000,"1,76","-3,1%","-35,0%","-2,5%","0,61"
111,TMAR3,"62,00","166,16",344.497.000,20.448.500.000,"1,04","12,8%","0,6%","5,8%","1,62"
112,TLCP4,"34,11","-3,57",9.644.000,262.979.000,"1,25","-3,1%","-35,0%","-2,5%","0,61"
113,TKNO4,"31,50","5,77",2.948.000,180.387.000,"0,51","0,4%","8,9%","0,3%","3,13"
114,TIMP3,"13,00","9,43",2.421.030.000,21.762.700.000,"1,45","14,9%","15,3%","7,5%","0,92"
115,TIET4,"2,39","15,93",1.995.530.000,1.529.330.000,"3,12","36,2%","19,6%","13,4%","1,16"
116,TIET11,"12,12","16,15",1.995.530.000,1.529.330.000,"3,16","36,2%","19,6%","13,4%","1,16"
117,TIET3,"2,62","17,46",1.995.530.000,1.529.330.000,"3,42","36,2%","19,6%","13,4%","1,16"
118,TESA3,"14,00","-19,69",21.639.000,962.097.000,"0,31","3,1%","-1,6%","1,4%","0,97"
119,TERI3,"64,28","-8,83",16.354.000,3.641.000.000,"0,29","1,5%","-3,3%","1,2%","1,03"
120,TGMA3,"30,35","10,80",66.003.000,577.735.000,"3,47","19,7%","32,1%","31,0%","1,71"
121,TENE7,"9,80","-0,26",121.000,-69.256.000,"-0,02",-,"6,6%",-,-
122,TENE5,"0,50","-0,01",121.000,-69.256.000,"-0,00",-,"6,6%",-,-
123,TELB4,"37,80","-16,96",49.605.000,34.044.000,"55,08","-95,1%","-324,8%","-1,3%","1,62"
124,TEND3,"25,65","11,37",104.344.000,1.303.330.000,"2,05","19,2%","18,1%","16,8%","3,83"
125,TELB3,"112,98","-50,68",49.605.000,34.044.000,"164,62","-95,1%","-324,8%","-1,3%","1,62"
126,TEKA4,"6,99","-0,04",503.000,-1.543.650.000,"-0,00","-9,6%","6,5%","-2,3%","0,02"
127,TEKA3,"9,51","-0,05",503.000,-1.543.650.000,"-0,00","-9,6%","6,5%","-2,3%","0,02"
128,TEFC11,"35,50","0,00",1.946.000,45.856.000.000,"0,00","23,5%","46,7%","14,9%","0,61"
129,TEMP3,"4,15","11,64",160.981.000,135.736.000,"4,92","9,2%","42,3%","34,5%","1,41"
130,TECN3,"2,09","-7,01",78.506.000,417.917.000,"0,39","-5,8%","-5,6%","-3,1%","2,64"
131,TDBH4,"0,66","-18,63",1.071.150.000.000,554.115.000,"1,28","10,4%","-6,8%","10,5%","0,63"
132,TCSL4,"7,82","5,68",2.421.030.000,21.762.700.000,"0,87","14,9%","15,3%","7,5%","0,92"
133,TCSA3,"1,28","-3,59",736.192.000,1.000.390.000,"0,94","-16,0%","-26,2%","-3,3%","1,72"
134,TDBH3,"0,56","-15,81",1.071.150.000.000,554.115.000,"1,08","10,4%","-6,8%","10,5%","0,63"
135,TCOC4,"27,20","10,43",130.068.000,2.812.920.000,"1,26","15,4%","12,1%","14,0%","2,53"
136,TCOC3,"38,85","14,90",130.068.000,2.812.920.000,"1,80","15,4%","12,1%","14,0%","2,53"
137,TCNO3,"1,08","-5,72",6.620.000,1.497.000,"4,78","-677,0%","-83,6%",-,-
138,TCNO4,"1,02","-5,40",6.620.000,1.497.000,"4,51","-677,0%","-83,6%",-,-
139,TBLE6,"10,65","3,54",815.928.000,7.567.780.000,"1,15","41,0%","32,4%","14,9%","1,35"
140,TBLE5,"12,00","3,99",815.928.000,7.567.780.000,"1,29","41,0%","32,4%","14,9%","1,35"
141,TARP11,"18,02","0,82",9.228.690,678.212.000,"0,25","13,2%","29,9%",-,-
142,TASA3,"4,10","59,92",88.461.000,-320.169.000,"-1,13","7,1%","-1,9%","7,2%","1,12"
143,TASA4,"4,19","61,23",88.461.000,-320.169.000,"-1,16","7,1%","-1,9%","7,2%","1,12"
144,TANC4,"43,00","-18,54",156.548.000,2.174.310.000,"3,10","6,4%","-16,7%","6,4%","0,95"
145,TAMM4,"52,73","-22,74",156.548.000,2.174.310.000,"3,80","6,4%","-16,7%","6,4%","0,95"
146,TAEE4,"9,36","0,00",1.033.500.000,4.884.020.000,"1,98",-,-,-,-
147,TAMM3,"52,60","-22,68",156.548.000,2.174.310.000,"3,79","6,4%","-16,7%","6,4%","0,95"
148,TAEE11,"28,00","0,00",1.033.500.000,4.884.020.000,"1,98",-,-,-,-
149,TAEE3,"9,36","0,00",1.033.500.000,4.884.020.000,"1,98",-,-,-,-
150,SZPQ4,"6,64","-7,85",226.695.000,684.467.000,"2,20","-4,2%","-28,0%","-3,8%","2,97"
151,SUZB6,"17,88","-9,64",1.361.260.000,16.919.700.000,"1,44","12,9%","-14,9%","3,3%","1,68"
152,SUZB3,"36,65","-19,76",1.361.260.000,16.919.700.000,"2,95","12,9%","-14,9%","3,3%","1,68"
153,SUZA4,"13,90","-4,03",172.927.000,4.687.300.000,"0,51","12,9%","-12,7%","3,3%","1,69"
154,SUZB5,"21,13","-11,39",1.361.260.000,16.919.700.000,"1,70","12,9%","-14,9%","3,3%","1,68"
155,SULT4,"0,43","0,14",12.600.000,273.282.000,"0,02","-24,2%","14,1%","-1,9%","0,78"
156,SULT3,"0,56","0,18",12.600.000,273.282.000,"0,03","-24,2%","14,1%","-1,9%","0,78"
157,SULA3,"23,00","24,21",1.182.460.000,6.959.350.000,"3,91","3,8%","16,1%","7,3%","1,97"
158,SULA4,"13,90","14,63",1.182.460.000,6.959.350.000,"2,36","3,8%","16,1%","7,3%","1,97"
159,SULA11,"51,50","18,07",1.182.460.000,6.959.350.000,"2,92","3,8%","16,1%","7,3%","1,97"
160,SUBA3,"84,00","61,95",52.979.000,530.396.000,"8,39","7,0%","13,5%","19,1%","5,55"
161,STRP4,"0,21","-2,85",25.391.600.000,-12.498.000,"-0,43","-91,8%","15,0%","-25,5%","0,13"
162,STBP3,"7,20","550,39",669.798.000,1.357.500.000,"3,55","6,3%","0,6%","2,3%","2,13"
163,STBP11,"14,40","220,16",669.798.000,1.357.500.000,"1,42","6,3%","0,6%","2,3%","2,13"
164,SPRI6,"11,69","19,32",2.529.000,39.160.000,"0,75",-,"3,9%",-,-
165,SQIA3,"17,54","-335,17",70.549.000,430.818.000,"2,87","6,9%","-0,9%","4,7%","8,38"
166,SPRI5,"9,30","15,37",2.529.000,39.160.000,"0,60",-,"3,9%",-,-
167,SPRI3,"8,19","13,54",2.529.000,39.160.000,"0,53",-,"3,9%",-,-
168,SOND6,"35,13","13,20",2.458.000,48.605.000,"1,78","7,6%","13,5%","8,3%","1,95"
169,SOND5,"36,01","13,53",2.458.000,48.605.000,"1,82","7,6%","13,5%","8,3%","1,95"
170,SOND3,"38,00","14,28",2.458.000,48.605.000,"1,92","7,6%","13,5%","8,3%","1,95"
171,SMLS3,"35,30","7,16",124.159.000,1.161.930.000,"3,77","68,6%","52,6%","47,8%","2,25"
172,SMTO3,"19,53","22,67",354.011.000,3.426.770.000,"2,02","15,5%","8,9%","5,5%","2,49"
173,SNSY5,"107,30","-0,12",193.000,-1.188.190.000,"-0,02","-21,7%","15,1%","-29,3%","0,53"
174,SLED4,"1,39","-0,11",26.702.000,18.580.000,"2,00","-27,7%","-1.737,2%","-23,5%","1,24"
175,SLED3,"3,00","-0,25",26.702.000,18.580.000,"4,31","-27,7%","-1.737,2%","-23,5%","1,24"
176,SMLE3,"92,82","18,88",123.857.000,524.731.000,"21,91","40,2%","116,0%","46,2%","0,91"
177,SLCE3,"18,08","13,20",190.595.000,2.733.090.000,"1,26","14,9%","9,6%","8,0%","1,47"
178,SLCP3,"610,02","0,00",0,0,"0,00",-,-,-,-
179,SJOS4,"0,09","0,05",13.500.000,-152.035.000,"-0,01",-,"-16,5%",-,-
180,SHUL4,"8,96","8,37",89.344.000,599.667.000,"1,33","8,4%","15,9%","8,8%","2,40"
181,SJOS3,"1,19","0,64",13.500.000,-152.035.000,"-0,11",-,"-16,5%",-,-
182,SHOW3,"5,17","-4,50",67.501.000,279.348.000,"1,25","-3,4%","-27,8%","-5,2%","2,13"
183,SGPS3,"11,74","3,12",50.000.000,1.420.560.000,"0,41","-4,6%","13,3%","-1,1%","1,35"
184,SGEN3,"5,00","0,00",24.275.000.000,156.981.000,"0,77","-1.871,2%",-,"-1,6%","0,65"
185,SGEN4,"0,60","0,00",24.275.000.000,156.981.000,"0,09","-1.871,2%",-,"-1,6%","0,65"
186,SFSA3,"0,00","0,00",137.747.000,739.524.000,"0,00",-,"6,3%",-,-
187,SEER3,"24,05","17,99",128.722.000,1.317.110.000,"2,35","19,8%","13,1%","12,6%","2,17"
188,SFSA4,"4,40","13,10",137.747.000,739.524.000,"0,82",-,"6,3%",-,-
189,SEMP3,"16,86","-8,12",9.585.000,118.441.000,"1,36","-341,0%","-16,8%","-30,2%","1,64"
190,SEDU3,"23,80","-13,36",262.129.000,415.869.000,"15,00","-15,3%","-112,3%","-8,2%","1,09"
191,SEBB4,"0,00","0,00",282.634.000,145.783.000,"0,00","9,2%","23,0%","24,1%","2,44"
192,SEBB3,"0,00","0,00",282.634.000,145.783.000,"0,00","9,2%","23,0%","24,1%","2,44"
193,SEBB11,"23,27","28,01",282.634.000,145.783.000,"6,44","9,2%","23,0%","24,1%","2,44"
194,SDIA4,"6,42","-1,59",672.951.000,459.230.000,"9,41","4,2%","-590,7%","5,9%","0,78"
195,SDIA3,"6,42","-1,59",672.951.000,459.230.000,"9,41","4,2%","-590,7%","5,9%","0,78"
196,SCLO4,"0,41","0,01",960.000,-159.162.000,"-0,00","-191,2%","-19,8%","-9,1%","0,01"
197,SCAR4,"10,00","0,01",57.737.000,1.475.840.000,"0,00","60,8%","4,7%","7,4%","2,92"
198,SCLO3,"14,10","0,43",960.000,-159.162.000,"-0,09","-191,2%","-19,8%","-9,1%","0,01"
199,SCAR3,"40,00","33,28",57.737.000,1.475.840.000,"1,56","60,8%","4,7%","7,4%","2,92"
200,SBSP3,"51,88","9,29",683.510.000,21.801.900.000,"1,63","35,2%","17,5%","14,9%","1,18"
201,SAPR4,"18,37","9,13",503.735.000,6.024.830.000,"1,54","38,9%","16,8%","15,7%","0,85"
202,SASG3,"0,98","0,00",2.045.530.000,0,"0,00",-,-,-,-
203,SAPR3,"16,83","8,36",503.735.000,6.024.830.000,"1,41","38,9%","16,8%","15,7%","0,85"
204,SANB4,"20,41","11,06",7.498.530.000,73.748.900.000,"2,08",-,"18,8%",-,-
205,SAPR11,"89,99","8,94",503.735.000,6.024.830.000,"1,50","38,9%","16,8%","15,7%","0,85"
206,SANB3,"25,01","13,55",7.498.530.000,73.748.900.000,"2,54",-,"18,8%",-,-
207,SALM4,"5,90","0,00",0,475.600.000,"0,00","10,2%","19,5%","25,8%","1,31"
208,SANB11,"46,01","12,46",7.498.530.000,73.748.900.000,"2,34",-,"18,8%",-,-
209,SALM3,"5,70","0,00",0,475.600.000,"0,00","10,2%","19,5%","25,8%","1,31"
210,RSUL4,"112,01","4,82",583.000,-12.254.000,"-5,33","14,4%","-110,6%","12,7%","0,44"
211,RSID3,"4,03","-0,13",17.153.300,-571.672.000,"-0,12","-259,8%","95,8%","-6,6%","0,92"
212,RSIP3,"0,44","22,70",200.078.000,66.914.000,"1,32","9,2%","5,8%","5,0%","0,90"
213,RSIP4,"0,44","22,70",200.078.000,66.914.000,"1,32","9,2%","5,8%","5,0%","0,90"
214,RPSA4,"4,90","27,33",370.645.000,1.167.980.000,"1,55","5,3%","5,7%","0,9%","2,09"
215,RPAD6,"6,39","13,29",84.682.000,989.509.000,"0,55","-1.109,6%","4,1%","-0,4%","2,36"
216,RPMG4,"0,26","-0,12",67.692.000,-2.618.490.000,"-0,01","-15,3%","5,7%","-8,2%","0,47"
217,RPMG3,"5,02","-2,27",67.692.000,-2.618.490.000,"-0,13","-15,3%","5,7%","-8,2%","0,47"
218,RPAD5,"8,06","16,76",84.682.000,989.509.000,"0,69","-1.109,6%","4,1%","-0,4%","2,36"
219,ROMI4,"185,00","88,37",62.858.000,754.217.000,"15,42","4,0%","17,4%","2,6%","1,83"
220,RPAD3,"5,66","11,77",84.682.000,989.509.000,"0,48","-1.109,6%","4,1%","-0,4%","2,36"
221,ROMI3,"13,80","6,59",62.858.000,754.217.000,"1,15","4,0%","17,4%","2,6%","1,83"
222,RNPT4,"31,81","5,74",776.000,63.944.000,"0,39","0,8%","6,7%","0,7%","1,38"
223,RNEW4,"3,53","-0,13",41.720.000,-851.318.000,"-0,17","-84,1%","134,4%","-9,5%","0,01"
224,RNPT3,"31,87","5,75",776.000,63.944.000,"0,39","0,8%","6,7%","0,7%","1,38"
225,RNEW3,"4,00","-0,15",41.720.000,-851.318.000,"-0,20","-84,1%","134,4%","-9,5%","0,01"
226,RNEW11,"11,04","-0,13",41.720.000,-851.318.000,"-0,18","-84,1%","134,4%","-9,5%","0,01"
227,RLOG3,"21,35","50,39",463.224.000,2.320.640.000,"4,26","28,6%","8,5%","6,8%","1,34"
228,RJCP3,"0,01","-224,70",1.121.070.000,17.287.200,"0,65",-,"-0,3%",-,-
229,RIPI4,"48,50","11,35",29.600.000,-49.103.000,"-29,24","84,7%","-257,6%","-99,1%","0,87"
230,RIPI3,"48,01","11,23",29.600.000,-49.103.000,"-28,94","84,7%","-257,6%","-99,1%","0,87"
231,RHDS4,"1,00","363,45",8.024.960.000,272.045.000,"29,50","7,3%","8,1%","11,8%","0,97"
232,RGEG3,"3,00","13,42",1.019.790.000,1.915.180.000,"1,60","12,4%","11,9%","11,7%","0,98"
233,REPA3,"1,00","0,00",0,378.378.000,"0,00","5,2%","1,9%","4,0%","1,99"
234,RHDS3,"0,11","39,98",8.024.960.000,272.045.000,"3,24","7,3%","8,1%","11,8%","0,97"
235,REPA4,"1,08","0,00",0,378.378.000,"0,00","5,2%","1,9%","4,0%","1,99"
236,RENT3,"41,75","38,32",722.349.000,5.287.410.000,"5,70","14,9%","14,9%","11,4%","1,06"
237,REEM4,"4,63","-0,48",6.147.510.000,-372.708.000,"-0,08","-4,5%","15,8%","4,6%","0,45"
238,REDE3,"8,10","24,91",2.057.870.000,3.532.700.000,"4,72","14,5%","18,9%","9,2%","1,81"
239,REDE4,"2,90","8,92",2.057.870.000,3.532.700.000,"1,69","14,5%","18,9%","9,2%","1,81"
240,RDCD3,"35,16","15,07",672.971.000,1.605.520.000,"14,74","59,2%","97,8%","7,0%","1,05"
241,RCTB41,"33,51","-0,02",49.605.000,34.044.000,"0,05","-95,1%","-324,8%","-1,3%","1,62"
242,RDNI3,"12,85","-49,32",43.770.000,611.714.000,"0,92","-5,6%","-1,9%","-1,2%","2,59"
243,RDTR3,"6,30","8,11",108.481.000,497.092.000,"1,37",-,"17,0%",-,-
244,RCTB42,"20,00","-0,01",49.605.000,34.044.000,"0,03","-95,1%","-324,8%","-1,3%","1,62"
245,RCTB33,"57,00","-0,03",49.605.000,34.044.000,"0,08","-95,1%","-324,8%","-1,3%","1,62"
246,RCTB31,"41,00","-0,02",49.605.000,34.044.000,"0,06","-95,1%","-324,8%","-1,3%","1,62"
247,RCSL4,"1,20","-19,08",75.823.000,-66.069.000,"-1,38","0,8%","7,2%","0,4%","0,53"
248,RAPT3,"8,92","13,40",345.776.000,1.695.280.000,"1,82","10,8%","13,6%","13,3%","2,72"
249,RAPT4,"10,50","15,77",345.776.000,1.695.280.000,"2,14","10,8%","13,6%","13,3%","2,72"
250,RANI3,"3,07","-5,28",166.720.000,299.193.000,"1,71","10,9%","-32,4%","7,2%","1,22"
251,RANI4,"3,58","-6,15",166.720.000,299.193.000,"1,99","10,9%","-32,4%","7,2%","1,22"
252,RAIA3,"30,50","41,22",62.015.000,635.785.000,"2,98","4,9%","7,2%","17,8%","2,20"
253,RAIL3,"24,02","52,64",1.559.020.000,8.142.050.000,"4,60","28,7%","8,7%","6,8%","1,34"
254,RADL3,"112,20","46,14",330.386.000,3.963.120.000,"9,35","5,0%","20,3%","8,5%","1,45"
255,QUAL3,"33,79","22,74",284.014.000,2.324.350.000,"4,13","40,5%","18,2%","29,4%","3,52"
256,PTPA4,"80,00","3,86",17.887.000,1.201.690.000,"1,19","13,9%","30,9%","13,3%","1,79"
257,PTQS4,"189,46","43,43",19.800.700.000,1.714.950.000,"2,19","-0,1%","5,0%","-0,0%","3,32"
258,PTPA3,"76,50","3,69",17.887.000,1.201.690.000,"1,14","13,9%","30,9%","13,3%","1,79"
259,PTNT4,"4,20","8,65",48.046.500,219.520.000,"0,92","5,5%","10,6%","6,8%","1,36"
260,PTNT3,"8,00","16,48",48.046.500,219.520.000,"1,75","5,5%","10,6%","6,8%","1,36"
261,PTIP4,"25,15","0,00",0,-155.957.000,"0,00","13,7%","-121,7%","23,1%","0,70"
262,PTIP3,"22,00","0,00",0,-155.957.000,"0,00","13,7%","-121,7%","23,1%","0,70"
263,PTBL4,"2,59","3,19",158.489.000,362.385.000,"1,13","3,1%","35,5%","3,0%","1,48"
264,PTBL3,"4,12","5,07",158.489.000,362.385.000,"1,80","3,1%","35,5%","3,0%","1,48"
265,PRVI3,"10,54","-11,74",80.185.000,525.170.000,"1,61","9,5%","-13,7%","6,1%","0,99"
266,PSSA3,"56,13","13,01",323.293.000,8.040.870.000,"2,26","79,8%","17,4%","67,3%","1,27"
267,PRML3,"11,52","-4,41",376.017.000,2.192.720.000,"1,98","-61,4%","-44,8%","-2,0%","2,02"
268,PRTX3,"2,77","-32,27",992.456.000,-18.917.000,"-145,32","-306,5%","450,4%","-1,5%","0,05"
269,PRBC4,"14,54","4,76",81.444.100,1.279.390.000,"0,93",-,"19,4%",-,-
270,PRIO3,"19,46","28,55",143.186.000,1.225.290.000,"2,27","33,1%","8,0%","11,8%","0,81"
271,PRGA4,"75,00","-26,22",812.473.000,7.149.920.000,"8,52","6,8%","-32,5%","6,6%","1,25"
272,PRBC3,"0,00","0,00",81.444.100,1.279.390.000,"0,00",-,"19,4%",-,-
273,PQUN4,"15,44","104,31",104.753.000,858.692.000,"1,88","2,8%","1,8%","3,0%","1,61"
274,PQUN3,"15,44","104,31",104.753.000,858.692.000,"1,88","2,8%","1,8%","3,0%","1,61"
275,POSI3,"5,26","46,95",87.800.000,524.611.000,"0,88","6,5%","1,9%","11,4%","1,28"
276,PORP4,"2,40","0,00",0,22.399.000,"0,00",-,"-2,1%",-,-
277,POPR4,"10,17","0,00",0,545.803.000,"0,00","8,7%","19,9%","15,3%","1,08"
278,POMO3,"3,26","15,24",946.893.000,2.233.070.000,"1,38","5,3%","9,1%","6,2%","1,83"
279,POMO4,"3,53","16,51",946.893.000,2.233.070.000,"1,50","5,3%","9,1%","6,2%","1,83"
280,PNVL4,"379,90","21,47",4.516.000,498.578.000,"3,44","8,4%","16,0%","20,7%","1,73"
281,PNVL3,"535,10","30,24",4.516.000,498.578.000,"4,85","8,4%","16,0%","20,7%","1,73"
282,PNOR6,"1,87","-2,90",46.102.000,158.071.000,"0,55","4,1%","-18,8%","3,6%","2,50"
283,PNOR5,"1,87","-2,90",46.102.000,158.071.000,"0,55","4,1%","-18,8%","3,6%","2,50"
284,PMET6,"0,20","-1,21",72.410.000.000,-290.863.000,"-0,05","5,0%","4,1%","39,0%","0,01"
285,PMET5,"0,65","-3,95",72.410.000.000,-290.863.000,"-0,16","5,0%","4,1%","39,0%","0,01"
286,PMET3,"0,00","0,00",72.410.000.000,-290.863.000,"0,00",-,"4,1%",-,-
287,PMAM3,"26,18","4,80",43.404.000,832.397.000,"1,37","1,4%","28,4%","2,3%","1,22"
288,PMAM4,"5,84","1,07",43.404.000,832.397.000,"0,30","1,4%","28,4%","2,3%","1,22"
289,PLTO6,"10,47","50,81",66.152.500.000,1.000,"692.616,00","1,3%","1.363.200,0%","1,7%","3,87"
290,PLDN4,"486,00","-553,07",645.253.000,289.939.000,"1,08","-1,2%","-0,2%","-1,3%","10,81"
291,PLTO5,"10,94","53,09",66.152.500.000,1.000,"723.708,00","1,3%","1.363.200,0%","1,7%","3,87"
292,PLIM4,"0,59","1,89",374.722.000,6.812.390.000,"0,03","11,9%","1,7%","10,9%","0,80"
293,PLAS3,"6,79","-0,35",12.425.000,-192.059.000,"-0,44","-21,8%","126,3%","-18,6%","0,32"
294,PITI4,"1,28","-204,74",2.320.310.000,0,"0,00",-,-,-,-
295,PINE4,"3,19","-2,28",121.171.000,782.844.000,"0,49",-,"-21,6%",-,-
296,PINE3,"0,00","0,00",121.171.000,782.844.000,"0,00",-,"-21,6%",-,-
297,PETR4,"29,30","11,21",13.044.500.000,306.252.000.000,"1,25","29,3%","11,1%","11,2%","1,10"
298,PETR3,"31,71","12,14",13.044.500.000,306.252.000.000,"1,35","29,3%","11,1%","11,2%","1,10"
299,PFRM3,"4,07","-97,60",123.813.000,984.289.000,"0,51","3,2%","-0,5%","7,6%","1,29"
300,PEFX5,"19,00","-52,04",35.190.000,396.955.000,"1,68","8,3%","-3,2%","11,8%","1,07"
301,PEFX3,"19,00","-52,04",35.190.000,396.955.000,"1,68","8,3%","-3,2%","11,8%","1,07"
302,PEAB4,"49,00","13,98",12.850.000,525.543.000,"1,20","10,1%","8,6%","8,3%","3,40"
303,PEAB3,"47,11","13,44",12.850.000,525.543.000,"1,15","10,1%","8,6%","8,3%","3,40"
304,PDGR3,"5,12","-0,06",8.067.000,-4.576.270.000,"-0,01","-5,6%","16,2%","-0,4%","0,44"
305,PCAR5,"67,12","15,41",267.909.000,10.860.000.000,"1,66","6,6%","10,7%","15,4%","1,39"
306,PCAR3,"89,99","20,66",267.909.000,10.860.000.000,"2,22","6,6%","10,7%","15,4%","1,39"
307,PCAR4,"78,04","17,92",267.909.000,10.860.000.000,"1,93","6,6%","10,7%","15,4%","1,39"
308,PATI3,"21,50","16,14",17.839.000,425.541.000,"0,90","4,5%","5,6%","9,2%","2,97"
309,PARD3,"24,12","22,51",130.979.000,668.985.000,"4,72","16,0%","21,0%","15,5%","1,86"
310,PATI4,"25,49","19,13",17.839.000,425.541.000,"1,07","4,5%","5,6%","9,2%","2,97"
311,PALF5,"236,60","0,27",880.653.000,2.065.890.000,"0,10","12,0%","36,7%","14,2%","0,98"
312,PALF3,"279,90","0,32",880.653.000,2.065.890.000,"0,12","12,0%","36,7%","14,2%","0,98"
313,PALF11,"125,00","0,15",880.653.000,2.065.890.000,"0,05","12,0%","36,7%","14,2%","0,98"
314,OSXB3,"3,74","-0,03",3.148.000,-4.308.840.000,"-0,00","-438,0%","8,8%","-1,6%","0,03"
315,OSAO4,"8,98","-0,00",12.425.000,-192.059.000,"-0,00","-21,8%","126,3%","-18,6%","0,32"
316,OMGE3,"36,69","179,71",164.965.000,2.767.800.000,"2,19","34,8%","1,2%","4,9%","2,55"
317,OIBR4,"1,34","-1,40",5.954.210.000,25.640.800.000,"0,31","-5,2%","-22,2%","-1,6%","1,83"
318,OIBR3,"1,00","-1,05",5.954.210.000,25.640.800.000,"0,23","-5,2%","-22,2%","-1,6%","1,83"
319,OFSA3,"37,83","50,63",53.949.000,478.261.000,"4,27","11,9%","8,4%","9,6%","2,05"
320,OGXP3,"1,63","-2,15",32.360.200,-53.901.000,"-0,98",-,"45,5%",-,-
321,ODPV3,"15,65","28,62",531.295.000,1.073.730.000,"7,74","27,9%","27,1%","41,0%","1,51"
322,NUTR3,"45,00","-1,90",128.000,-25.238.000,"-0,23","1,1%","12,0%","1,0%","1,48"
323,NORD3,"4,92","-7,30",6.621.000,-140.228.000,"-0,23","-72,2%","3,2%","-5,5%","0,01"
324,NETC4,"40,00","127,89",374.722.000,6.812.390.000,"2,20","11,9%","1,7%","10,9%","0,80"
325,NETC3,"38,50","123,10",374.722.000,6.812.390.000,"2,12","11,9%","1,7%","10,9%","0,80"
326,NEOE3,"21,58","13,25",1.213.800.000,18.601.500.000,"1,41","15,3%","10,6%","9,1%","1,51"
327,NATU3,"32,03","56,31",865.818.000,3.057.940.000,"9,07","11,7%","16,1%","11,7%","1,54"
328,NAFG4,"70,01","13,59",13.579.000,301.933.000,"3,15","14,7%","23,2%","19,7%","1,46"
329,NAFG3,"71,00","13,78",13.579.000,301.933.000,"3,19","14,7%","23,2%","19,7%","1,46"
330,MYPK4,"31,79","13,03",153.720.000,3.379.610.000,"1,45","6,7%","11,1%","8,3%","1,36"
331,MYPK3,"18,43","7,55",153.720.000,3.379.610.000,"0,84","6,7%","11,1%","8,3%","1,36"
332,MWET4,"4,73","-0,20",2.058.000,-198.459.000,"-0,05","-9,3%","24,0%","-11,3%","0,28"
333,MWET3,"7,00","-0,30",2.058.000,-198.459.000,"-0,07","-9,3%","24,0%","-11,3%","0,28"
334,MULT3,"29,36","39,96",600.761.000,5.525.070.000,"3,19","54,6%","8,0%","8,4%","1,79"
335,MTIG4,"70,00","-1,91",241.000,15.993.400,"1,05","-0,2%","-55,3%","-0,3%","0,67"
336,MTSA4,"19,98","11,66",9.137.260,239.897.000,"0,76","3,1%","6,5%","3,9%","2,99"
337,MTIG3,"5,21","-0,14",241.000,15.993.400,"0,08","-0,2%","-55,3%","-0,3%","0,67"
338,MTBR4,"1,05","0,97",1.502.790.000,2.846.050.000,"0,55","3,9%","57,0%","6,2%","1,04"
339,MTBR3,"0,99","0,92",1.502.790.000,2.846.050.000,"0,52","3,9%","57,0%","6,2%","1,04"
340,MSPA4,"51,50","-38,14",6.405.000,899.497.000,"0,37","-15,8%","-1,0%","-1,5%","2,85"
341,MSAN4,"6,44","0,00",0,2.533.030.000,"0,00","6,3%","11,8%","11,8%","1,18"
342,MSPA3,"47,00","-34,81",6.405.000,899.497.000,"0,33","-15,8%","-1,0%","-1,5%","2,85"
343,MSAN3,"6,44","0,00",0,2.533.030.000,"0,00","6,3%","11,8%","11,8%","1,18"
344,MRVE3,"16,95","10,32",444.140.000,4.854.640.000,"1,55","15,7%","15,0%","7,0%","2,55"
345,MRFG3,"10,44","2,69",621.280.000,348.061.000,"18,64","6,3%","691,6%","13,7%","1,79"
346,MOVI3,"16,39","25,07",298.921.000,2.247.810.000,"2,18","13,1%","8,7%","10,6%","1,03"
347,MOAR3,"170,00","20,52",12.251.000,1.060.840.000,"1,96","-1.974,5%","9,6%","-4,1%","2,53"
348,MRSL3,"3,30","10,25",112.254.000,375.151.000,"0,99","5,4%","9,6%","4,4%","2,78"
349,MPLU3,"26,80","12,20",162.247.000,250.279.000,"17,37","66,5%","142,4%","129,6%","1,06"
350,MRSL4,"3,05","9,48",112.254.000,375.151.000,"0,91","5,4%","9,6%","4,4%","2,78"
351,MNSA4,"0,47","0,00",0,-9.105.000,"0,00","-208,1%","145,7%","-13,5%","3,63"
352,MNSA3,"0,42","0,00",0,-9.105.000,"0,00","-208,1%","145,7%","-13,5%","3,63"
353,MNPR4,"4,63","-0,59",7.100.000,-354.128.000,"-0,09","19,5%","15,7%","22,2%","0,13"
354,MNPR3,"7,00","-0,89",7.100.000,-354.128.000,"-0,14","19,5%","15,7%","22,2%","0,13"
355,MNDL4,"0,38","-0,19",2.480.000,-142.268.000,"-0,01","6,3%","3,5%","3,1%","0,27"
356,MNDL3,"35,50","-17,60",2.480.000,-142.268.000,"-0,62","6,3%","3,5%","3,1%","0,27"
357,MMXM3,"1,61","-0,07",6.488.000,-719.319.000,"-0,01","-3.720,5%","21,9%","-91,8%","0,04"
358,MMAQ4,"200,06","0,44",45.000,142.767.000,"0,06","-1,4%","14,4%","-4,2%","2,37"
359,MMAQ3,"0,00","0,00",45.000,142.767.000,"0,00","-1,4%","14,4%","-4,2%","2,37"
360,MLPA4,"45,00","0,01",4.692.000,44.578.000,"0,00","6,7%","45,1%",-,-
361,MILS3,"7,32","-108,88",251.866.000,1.111.300.000,"1,66","-27,3%","-1,5%","-6,2%","1,56"
362,MLFT4,"22,39","17,83",87.889.000,1.519.490.000,"1,30","51,6%","7,3%","8,2%","3,94"
363,MGLU3,"44,25","76,20",1.624.730.000,3.193.620.000,"22,51","4,7%","29,5%","9,5%","1,08"
364,MILK33,"0,30","-0,02",42.872.000,-516.285.000,"-0,02","-176,8%","165,1%","-70,9%","0,50"
365,MGEL4,"7,20","-8,27",5.783.210,-381.306.000,"-0,11","8,1%","1,3%","14,4%","2,68"
366,MLPA12,"40,00","0,01",4.692.000,44.578.000,"0,00","6,7%","45,1%",-,-
367,MGEL3,"25,00","-28,73",5.783.210,-381.306.000,"-0,38","8,1%","1,3%","14,4%","2,68"
368,MERC3,"7,10","5,21",18.010.000,243.892.000,"0,52",-,"10,1%",-,-
369,MEND6,"13,00","-0,32",10.309.000,-10.872.100.000,"-0,01","-6,6%","3,9%","-0,0%","0,00"
370,MERC4,"12,50","9,17",18.010.000,243.892.000,"0,92",-,"10,1%",-,-
371,MLPA3,"0,00","0,00",4.692.000,44.578.000,"0,00","6,7%","45,1%",-,-
372,MEND5,"16,90","-0,41",10.309.000,-10.872.100.000,"-0,02","-6,6%","3,9%","-0,0%","0,00"
373,MEDI3,"11,55","-7,52",69.740.000,426.164.000,"1,89","-4,1%","-25,1%","-12,3%","0,79"
374,MEAL3,"6,91","168,99",195.920.000,954.646.000,"1,42","2,8%","0,8%","2,6%","1,91"
375,MDIA3,"33,55","26,34",339.000.000,5.805.250.000,"1,96","8,0%","7,4%","6,7%","2,00"
376,MAPT3,"65,00","-371,03",919.000,-5.552.000,"-10,76",-,"2,9%",-,-
377,MAPT4,"47,00","-268,28",919.000,-5.552.000,"-7,78",-,"2,9%",-,-
378,MAGS3,"62,45","24,49",42.545.300.000,848.546.000,"3,13","14,8%","12,8%","18,7%","3,06"
379,LUXM4,"22,00","21,66",5.196.000,115.330.000,"0,99","9,2%","4,6%","6,3%","0,95"
380,LUXM3,"10,00","9,85",5.196.000,115.330.000,"0,45","9,2%","4,6%","6,3%","0,95"
381,MAGG3,"59,40","-119,98",50.040.000,2.246.130.000,"1,32","16,8%","-1,1%","14,1%","1,14"
382,LREN4,"105,00","0,08",795.247.000,4.273.030.000,"0,02","21,6%","24,0%","23,0%","1,49"
383,LREN3,"51,70","40,08",795.247.000,4.273.030.000,"9,62","21,6%","24,0%","23,0%","1,49"
384,LUPA3,"1,44","-1,83",22.123.000,84.636.000,"0,38","-13,1%","-20,6%","-3,2%","2,51"
385,LPSB3,"8,04","-63,51",147.555.000,41.738.000,"28,42","-2,5%","-44,8%","-1,5%","0,91"
386,LOGN3,"19,70","90,71",59.599.200,-330.625.000,"-3,55","10,4%","-3,9%","9,9%","1,13"
387,LOGG3,"26,90","44,46",102.159.000,2.298.080.000,"1,20","78,7%","2,7%","2,9%","1,83"
388,LLIS3,"20,39","19,38",51.601.000,2.202.920.000,"0,48","0,1%","2,5%","0,0%","1,03"
389,LIXC3,"1,75","-2,62",11.993.000,13.842.000,"1,52","-9.413,2%","-57,8%","-1,9%","1,34"
390,LIXC4,"1,45","-2,17",11.993.000,13.842.000,"1,26","-9.413,2%","-57,8%","-1,9%","1,34"
391,LIQO3,"9,94","-0,10",2.798.000,-12.449.000,"-2,23","-22,2%","2.325,0%","-17,3%","0,56"
392,LINX3,"30,60","124,12",189.409.000,1.825.340.000,"3,18","22,0%","2,6%","11,0%","4,68"
393,LIPR3,"75,11","192,69",11.765.000,171.511.000,"5,15",-,"2,7%",-,-
394,LIGT3,"19,05","3,24",303.934.000,6.910.670.000,"0,84","14,6%","25,9%","9,3%","1,13"
395,LIGH3,"16,66","4,07",392.849.000.000,5.836.370.000,"1,12","13,7%","27,6%","8,4%","1,10"
396,LFFE4,"3,89","-4,91",54.380.000,51.892.000,"4,08",-,"-83,1%",-,-
397,LGLO4,"100,00","-1,05",34.000,5.191.000,"0,65","-18,1%","-62,5%","-18,4%","0,14"
398,LEVE4,"44,49","21,89",128.308.000,1.320.440.000,"4,32","15,3%","19,7%","19,5%","1,88"
399,LEVE3,"24,99","12,30",128.308.000,1.320.440.000,"2,43","15,3%","19,7%","19,5%","1,88"
400,LETO3,"0,80","-0,32",4.003.950.000,-58.642.000,"-0,05",-,"17,0%",-,-
401,LFFE3,"3,11","-3,92",54.380.000,51.892.000,"3,26",-,"-83,1%",-,-
402,LECO4,"1,46","-13,48",145.000.000,105.928.000,"2,00","-2,1%","-14,8%","-3,5%","0,82"
403,LETO5,"2,06","-0,83",4.003.950.000,-58.642.000,"-0,14",-,"17,0%",-,-
404,LECO3,"0,00","0,00",145.000.000,105.928.000,"0,00","-2,1%","-14,8%","-3,5%","0,82"
405,LCSA4,"35,09","-337,52",2.453.260.000,-377.568.000,"-228,00","-15,8%","67,6%","-28,7%","0,29"
406,LCSA3,"12,50","-120,23",2.453.260.000,-377.568.000,"-81,22","-15,8%","67,6%","-28,7%","0,29"
407,LCAM3,"17,60","25,89",447.729.000,2.712.690.000,"2,90","17,2%","11,2%","11,4%","1,06"
408,LATS3,"22,00","0,00",0,680.646.000,"0,00","11,7%","1,8%","11,6%","1,67"
409,LATM11,"28,65","-0,68",6.437.000,11.357.000.000,"0,02","11,5%","-2,4%","6,5%","0,49"
410,LAME4,"19,99","84,40",1.605.380.000,4.851.110.000,"6,62","10,9%","7,8%","12,1%","2,15"
411,KROT4,"5,12","16,29",1.644.250.000,16.062.500.000,"0,52","12,4%","3,2%","2,7%","1,76"
412,LAME3,"15,15","63,97",1.605.380.000,4.851.110.000,"5,01","10,9%","7,8%","12,1%","2,15"
413,KSSA3,"5,33","14,66",145.706.000,553.026.000,"1,40","16,3%","9,6%","7,7%","1,47"
414,KROT11,"40,00","18,18",1.644.250.000,16.062.500.000,"0,58","12,4%","3,2%","2,7%","1,76"
415,KLBN4,"3,41","19,46",5.409.800.000,5.973.560.000,"3,09","24,1%","15,9%","10,7%","5,11"
416,KLBN11,"17,55","20,03",5.409.800.000,5.973.560.000,"3,18","24,1%","15,9%","10,7%","5,11"
417,KEPL3,"23,40","13,62",26.312.000,456.590.000,"1,35","9,4%","9,9%","9,8%","1,76"
418,JSLG3,"20,70","22,42",206.786.000,1.290.550.000,"3,32","11,9%","14,8%","9,0%","1,85"
419,KLBN3,"3,92","22,37",5.409.800.000,5.973.560.000,"3,55","24,1%","15,9%","10,7%","5,11"
420,JOPA4,"24,50","104,37",10.582.000,494.790.000,"0,52","1,7%","0,5%","1,4%","2,09"
421,JHSF3,"5,24","15,04",530.060.000,2.313.410.000,"1,20","22,2%","8,0%","2,7%","1,03"
422,JFEN3,"1,51","-0,39",105.204.000,336.159.000,"0,47","-149,2%","-120,9%","-8,8%","1,52"
423,JPSA3,"31,89","25,40",87.889.000,1.519.490.000,"1,84","51,6%","7,3%","8,2%","3,94"
424,JOPA3,"24,00","102,24",10.582.000,494.790.000,"0,51","1,7%","0,5%","1,4%","2,09"
425,JFAB4,"0,06","0,00",0,-10.183.000,"0,00",-,"2,3%",-,-
426,JBDU4,"1,86","0,56",5.019.000,14.496.000,"0,64",-,"114,7%",-,-
427,JBDU3,"3,34","1,01",5.019.000,14.496.000,"1,16",-,"114,7%",-,-
428,JBSS3,"26,23","17,06",2.728.750.000,30.703.700.000,"2,33","5,9%","13,7%","11,4%","1,51"
429,IVTT3,"0,00","0,00",62.141.400,1.083.050.000,"0,00",-,"-0,4%",-,-
430,ITSA4,"13,63","12,24",8.410.810.000,52.130.000.000,"2,20","4,2%","18,0%","0,3%","1,82"
431,ITSA3,"13,70","12,30",8.410.810.000,52.130.000.000,"2,21","4,2%","18,0%","0,3%","1,82"
432,ITUB4,"35,68","13,93",9.804.140.000,125.769.000.000,"2,78",-,"20,0%",-,-
433,IRBR3,"37,45","0,00",936.000.000,0,"0,00",-,-,-,-
434,ITUB3,"30,89","12,06",9.804.140.000,125.769.000.000,"2,41",-,"20,0%",-,-
435,INEP3,"7,25","-0,16",7.969.190,-1.682.970.000,"-0,03","-420,4%","21,2%","-16,8%","0,13"
436,ITEC3,"40,10","-35,12",11.072.000,20.143.000,"22,04","-10.044,7%","-62,8%","-63,1%","5,23"
437,INEP4,"7,97","-0,18",7.969.190,-1.682.970.000,"-0,04","-420,4%","21,2%","-16,8%","0,13"
438,INHA3,"0,00","0,00",120.000.000,780.159.000,"0,00","0,3%","-45,9%","0,1%","1,45"
439,IMCH3,"6,39","41,83",84.483.000,920.589.000,"0,59","2,7%","1,4%","2,6%","0,82"
440,IMBI3,"5,01","-46,42",35.029.000,62.544.000,"2,81","-2.737,9%","-6,0%","-0,5%","0,05"
441,ILMD4,"30,00","16,28",59.667.000,658.715.000,"2,72","4,8%","16,7%","12,5%","1,60"
442,IMBI4,"3,50","-32,43",35.029.000,62.544.000,"1,96","-2.737,9%","-6,0%","-0,5%","0,05"
443,ILMD3,"29,00","15,73",59.667.000,658.715.000,"2,63","4,8%","16,7%","12,5%","1,60"
444,IGUA6,"8,07","-12,40",29.053.000,-164.188.000,"-1,43","6,9%","11,5%","7,6%","0,34"
445,IGUA5,"7,98","-12,26",29.053.000,-164.188.000,"-1,41","6,9%","11,5%","7,6%","0,34"
446,ILLS4,"100,01","0,00",0,-18.567.000,"0,00","8,4%","36,1%","8,1%","0,50"
447,IGUA3,"8,15","-12,52",29.053.000,-164.188.000,"-1,44","6,9%","11,5%","7,6%","0,34"
448,IGTA3,"46,49","29,92",176.612.000,2.949.110.000,"2,78","54,7%","9,3%","8,8%","4,19"
449,IGBR6,"19,00","-5,55",12.505.000,-861.333.000,"-0,28","-277,1%","5,0%","-4,7%","0,04"
450,IGBR5,"18,90","-5,52",12.505.000,-861.333.000,"-0,27","-277,1%","5,0%","-4,7%","0,04"
451,IGBR3,"2,27","-0,66",12.505.000,-861.333.000,"-0,03","-277,1%","5,0%","-4,7%","0,04"
452,IENG5,"0,12","-0,65",344.209.000,52.234.000,"0,79","44,3%","-122,4%","2,8%","0,85"
453,IENG3,"0,15","-0,81",344.209.000,52.234.000,"0,99","44,3%","-122,4%","2,8%","0,85"
454,IDVL3,"3,00","4,51",86.798.800,399.193.000,"0,65",-,"14,5%",-,-
455,ICPI3,"0,00","0,00",0,0,"0,00",-,-,-,-
456,IDVL4,"3,66","5,51",86.798.800,399.193.000,"0,80",-,"14,5%",-,-
457,IDNT3,"2,64","2,55",16.344.000,20.705.000,"2,08",-,"81,6%",-,-
458,IDVL11,"140,00","210,61",86.798.800,399.193.000,"30,44",-,"14,5%",-,-
459,HYPE3,"34,57","17,70",632.238.000,8.641.610.000,"2,53","18,5%","14,3%","6,6%","2,73"
460,HOOT4,"2,10","-0,61",18.372.000,-250.296.000,"-0,15","-53,1%","25,1%","-6,4%","0,04"
461,HGTX4,"9,60","6,32",162.534.000,1.382.520.000,"1,13","14,6%","17,9%","18,0%","3,16"
462,HGTX3,"32,26","21,23",162.534.000,1.382.520.000,"3,79","14,6%","17,9%","18,0%","3,16"
463,HETA3,"4,01","0,47",510.000,-383.060.000,"-0,01","66,4%","-1,1%","7,5%","0,02"
464,HBTS5,"12,50","-1,78",9.133.690,228.113.000,"0,50","2.246,5%","-28,0%","-7,6%","0,55"
465,HBOR3,"3,58","-19,50",669.255.000,743.035.000,"3,22","-2,9%","-16,5%","-0,9%","2,28"
466,HAPV3,"54,34","46,14",742.986.000,6.708.230.000,"6,02","19,8%","13,0%","10,5%","1,86"
467,HETA4,"6,05","0,71",510.000,-383.060.000,"-0,01","66,4%","-1,1%","7,5%","0,02"
468,HAGA4,"1,55","10,23",11.900.000,-81.209.100,"-0,23","-12,3%","-2,2%","-14,1%","1,90"
469,HAGA3,"3,43","22,64",11.900.000,-81.209.100,"-0,50","-12,3%","-2,2%","-14,1%","1,90"
470,GVTT3,"57,70","57,38",137.246.000,2.150.790.000,"3,68","16,6%","6,4%","10,3%","1,66"
471,GUAR4,"151,00","64,75",499.200.000,5.022.210.000,"15,01","7,5%","23,2%","5,6%","1,87"
472,GSHP3,"0,85","-0,63",69.435.700,-46.424.000,"-1,27","38,5%","200,4%","4,7%","1,83"
473,GUAR3,"19,61","8,41",499.200.000,5.022.210.000,"1,95","7,5%","23,2%","5,6%","1,87"
474,GRNL4,"470,00","11,09",212.890.000,93.104.000,"1,07","-11,2%","9,7%","-1,7%","4,35"
475,GRND3,"9,90","16,66",902.160.000,3.584.890.000,"2,49","15,7%","15,0%","15,9%","10,77"
476,GPIV33,"7,02","25,76",109.746.000,1.345.380.000,"0,57","70,3%","2,2%","6,6%","11,58"
477,GPCP3,"33,01","7,58",6.268.000,179.091.000,"1,16","2,9%","15,2%","2,8%","1,23"
478,GOLL4,"34,19","364,16",355.502.000,-8.137.020.000,"-1,49","9,8%","-0,4%","11,6%","0,47"
479,GOAU4,"7,18","15,37",1.087.240.000,10.143.400.000,"0,77","8,2%","5,0%","7,3%","2,13"
480,GLOB4,"30,49","-46,16",1.298.860.000,1.474.000.000,"26,87","4,5%","-58,2%","7,7%","0,73"
481,GOAU3,"6,44","13,79",1.087.240.000,10.143.400.000,"0,69","8,2%","5,0%","7,3%","2,13"
482,GGBR3,"12,79","14,79",1.719.660.000,27.282.400.000,"0,81","8,2%","5,5%","7,3%","2,13"
483,GNDI3,"57,54","96,60",538.693.000,2.665.060.000,"11,63","10,7%","12,0%","10,9%","1,13"
484,GFSA3,"6,78","-2,27",120.000.000,780.159.000,"1,04","0,3%","-45,9%","0,1%","1,45"
485,GETI4,"14,46","13,20",381.253.000,1.601.130.000,"3,44","27,4%","26,1%","22,7%","0,71"
486,GGBR4,"15,44","17,85",1.719.660.000,27.282.400.000,"0,97","8,2%","5,5%","7,3%","2,13"
487,GETI3,"14,45","13,19",381.253.000,1.601.130.000,"3,44","27,4%","26,1%","22,7%","0,71"
488,GEPA3,"39,81","10,85",94.433.000,1.853.850.000,"2,03","41,7%","18,7%","23,0%","0,89"
489,GEPA4,"43,90","11,96",94.433.000,1.853.850.000,"2,24","41,7%","18,7%","23,0%","0,89"
490,GBIO33,"8,80","21,72",106.622.000,760.840.000,"1,23","17,1%","5,7%","12,8%","1,79"
491,GAZO3,"3,40","0,45",1.457.000,-102.667.000,"-0,05","-164,0%","-10,6%","25,1%","0,35"
492,GAZO4,"2,32","0,31",1.457.000,-102.667.000,"-0,03","-164,0%","-10,6%","25,1%","0,35"
493,GALO4,"0,25","0,00",0,-60.607.000,"0,00","14,0%","7,6%","39,4%","0,00"
494,GAFP4,"0,05","-0,02",9.882.000,-80.712.500,"-0,01","-77,6%","38,8%","-3,2%","0,51"
495,GALO3,"0,00","0,00",0,-60.607.000,"0,00","14,0%","7,6%","39,4%","0,00"
496,GAFP3,"0,12","-0,04",9.882.000,-80.712.500,"-0,01","-77,6%","38,8%","-3,2%","0,51"
497,FTRX4,"0,11","-0,13",23.827.000,-154.535.000,"-0,02","-106,2%","13,5%","-12,0%","0,06"
498,FTRX3,"0,13","-0,15",23.827.000,-154.535.000,"-0,02","-106,2%","13,5%","-12,0%","0,06"
499,FRTA3,"6,95","4,16",2.001.110,-68.253.000,"-0,20","-8,4%","-4,9%","-2,2%","0,04"
500,FRIO3,"66,00","30,34",4.107.000,49.651.000,"5,46","4,0%","18,0%","6,8%","1,06"
501,FRAS4,"5,79","21,35",217.566.000,784.832.000,"1,61","6,8%","7,5%","7,0%","2,15"
502,FRAS3,"4,72","17,41",217.566.000,784.832.000,"1,31","6,8%","7,5%","7,0%","2,15"
503,FLRY3,"27,00","27,20",316.744.000,1.737.100.000,"4,92","18,8%","18,1%","12,9%","1,54"
504,FLCL5,"12,50","145,87",450.713.000.000,72.920.000,"77,26","17,4%","53,0%","22,9%","1,23"
505,FLCL6,"9,91","115,65",450.713.000.000,72.920.000,"61,25","17,4%","53,0%","22,9%","1,23"
506,FLCL3,"11,50","134,20",450.713.000.000,72.920.000,"71,08","17,4%","53,0%","22,9%","1,23"
507,FIGE3,"43,00","9,72",2.364.000,226.080.000,"0,45","66,6%","4,6%","1,0%","13,24"
508,FIGE4,"38,01","8,59",2.364.000,226.080.000,"0,40","66,6%","4,6%","1,0%","13,24"
509,FHER3,"2,31","-0,21",53.857.000,-868.315.000,"-0,14","-10,8%","67,3%","-26,9%","0,34"
510,FIBR3,"66,30","12,03",553.734.000,14.149.000.000,"2,59","39,2%","21,6%","23,0%","1,46"
511,FGUI4,"0,38","-0,39",39.772.700.000,-222.024.000,"-0,07","-27,7%","17,3%","-60,7%","0,04"
512,FGUI3,"12,00","-12,41",39.772.700.000,-222.024.000,"-2,15","-27,7%","17,3%","-60,7%","0,04"
513,FFTL4,"25,06","53,34",566.033.000,6.274.030.000,"2,26","16,3%","4,2%","8,9%","1,37"
514,FESA4,"18,20","6,64",88.320.000,1.858.840.000,"0,86","11,4%","13,0%","5,9%","3,01"
515,FESA3,"28,00","10,21",88.320.000,1.858.840.000,"1,33","11,4%","13,0%","5,9%","3,01"
516,FCAP4,"0,70","0,58",19.446.000,107.134.000,"0,13",-,"21,8%",-,-
517,FBRA4,"34,58","-39,57",10.264.000,213.406.000,"1,66","6,2%","-4,2%","11,9%","1,11"
518,FFTL3,"25,00","53,22",566.033.000,6.274.030.000,"2,26","16,3%","4,2%","8,9%","1,37"
519,FBMC4,"1,96","-0,09",727.000,-63.552.000,"-0,02","-135,6%","24,2%","-64,7%","0,31"
520,FCAP3,"0,62","0,52",19.446.000,107.134.000,"0,11",-,"21,8%",-,-
521,FBMC3,"80,00","-3,78",727.000,-63.552.000,"-0,92","-135,6%","24,2%","-64,7%","0,31"
522,EZTC3,"44,03","46,06",227.000.000,3.721.170.000,"2,69","13,6%","5,8%","3,2%","9,32"
523,EVEN3,"13,25","-780,47",217.000.000,1.668.040.000,"1,72","5,5%","-0,2%","2,5%","3,42"
524,EUCA3,"6,27","10,93",92.619.000,1.288.300.000,"0,45","10,4%","4,1%","7,0%","1,00"
525,EUCA4,"6,18","10,77",92.619.000,1.288.300.000,"0,44","10,4%","4,1%","7,0%","1,00"
526,ETER4,"9,85","-1,98",31.774.000,-42.777.000,"-7,32","-11,7%","370,4%","-13,1%","1,24"
527,ETER3,"2,66","-0,53",31.774.000,-42.777.000,"-1,98","-11,7%","370,4%","-13,1%","1,24"
528,ESTR3,"20,00","-0,41",808.000,-462.674.000,"-0,03","-1,2%","8,5%","-0,8%","0,20"
529,ESTR4,"28,85","-0,60",808.000,-462.674.000,"-0,05","-1,2%","8,5%","-0,8%","0,20"
530,ESTC4,"0,00","0,00",309.089.000,3.192.040.000,"0,00","22,6%","18,9%","17,1%","2,44"
531,ESTC11,"23,50","4,01",309.089.000,3.192.040.000,"0,76","22,6%","18,9%","17,1%","2,44"
532,ESCE3,"172,00","3,77",5.876.000,1.065.050.000,"0,95","14,2%","25,2%","12,1%","1,08"
533,ENMT3,"30,98","12,44",212.911.000,2.044.870.000,"3,23","17,2%","25,9%","11,9%","1,19"
534,ENMT4,"30,99","12,45",212.911.000,2.044.870.000,"3,23","17,2%","25,9%","11,9%","1,19"
535,EQTL3,"104,41","13,29",202.037.000,6.635.790.000,"3,18","23,1%","23,9%","13,8%","1,69"
536,ENGI3,"11,79","27,05",1.814.560.000,5.488.090.000,"3,90","10,6%","14,4%","5,9%","1,52"
537,ENGI4,"9,23","21,18",1.814.560.000,5.488.090.000,"3,05","10,6%","14,4%","5,9%","1,52"
538,ENGI11,"48,63","22,32",1.814.560.000,5.488.090.000,"3,22","10,6%","14,4%","5,9%","1,52"
539,ENER6,"12,00","0,00",647.000,849.627.000,"0,00","18,5%","33,8%","17,1%","1,54"
540,ENEV3,"35,54","15,90",315.323.000,6.533.980.000,"1,72","27,5%","10,8%","6,9%","1,98"
541,ENER5,"6,00","0,00",647.000,849.627.000,"0,00","18,5%","33,8%","17,1%","1,54"
542,ENER3,"10,50","0,00",647.000,849.627.000,"0,00","18,5%","33,8%","17,1%","1,54"
543,ENBR3,"19,15","8,53",606.850.000,9.280.790.000,"1,25","15,1%","14,7%","9,9%","1,54"
544,ENAT3,"13,25","14,76",265.807.000,2.795.640.000,"1,26","24,9%","8,5%","9,0%","3,87"
545,EMAE4,"26,20","8,57",36.947.000,918.883.000,"1,05","5,0%","12,3%","2,1%","4,42"
546,ELUM4,"47,90","14,79",18.433.000,443.231.000,"1,99","6,4%","13,5%","9,4%","2,02"
547,EMBR3,"17,29","-24,28",740.465.000,15.429.000.000,"0,83","3,8%","-3,4%","1,2%","1,35"
548,ELUM3,"36,00","11,12",18.433.000,443.231.000,"1,50","6,4%","13,5%","9,4%","2,02"
549,ELPL5,"30,50","15,72",200.515.000,3.445.110.000,"1,78","9,9%","11,3%","6,6%","1,07"
550,ELPL6,"30,20","15,56",200.515.000,3.445.110.000,"1,76","9,9%","11,3%","6,6%","1,07"
551,ELPL4,"15,98","8,24",200.515.000,3.445.110.000,"0,93","9,9%","11,3%","6,6%","1,07"
552,ELPL3,"49,20","25,36",200.515.000,3.445.110.000,"2,86","9,9%","11,3%","6,6%","1,07"
553,ELEV3,"24,30","312,39",64.830.000,489.356.000,"3,22","1,8%","1,0%","3,0%","1,47"
554,ELET6,"37,23","2,56",1.352.630.000,63.049.800.000,"0,80","92,4%","31,2%","8,9%","1,56"
555,ELET5,"48,01","3,31",1.352.630.000,63.049.800.000,"1,03","92,4%","31,2%","8,9%","1,56"
556,ELET3,"35,80","2,46",1.352.630.000,63.049.800.000,"0,77","92,4%","31,2%","8,9%","1,56"
557,ELEK4,"16,13","9,72",31.485.000,233.503.000,"2,17","2,3%","22,4%","5,8%","2,17"
558,ELEK3,"19,69","11,87",31.485.000,233.503.000,"2,65","2,3%","22,4%","5,8%","2,17"
559,ELCA4,"20,20","62,13",2.057.870.000,3.532.700.000,"11,77","14,5%","18,9%","9,2%","1,81"
560,ELCA3,"24,70","75,97",2.057.870.000,3.532.700.000,"14,39","14,5%","18,9%","9,2%","1,81"
561,EKTR4,"21,48","11,23",193.759.000,2.614.100.000,"1,59","13,3%","14,2%","9,7%","1,66"
562,EKTR3,"20,00","10,45",193.759.000,2.614.100.000,"1,48","13,3%","14,2%","9,7%","1,66"
563,EEEL4,"350,00","10,12",9.681.000,2.662.330.000,"1,27","36,0%","12,6%","8,3%","3,02"
564,EGIE3,"44,32","14,74",815.928.000,7.567.780.000,"4,78","41,0%","32,4%","14,9%","1,35"
565,EEEL3,"300,00","8,68",9.681.000,2.662.330.000,"1,09","36,0%","12,6%","8,3%","3,02"
566,ECPR4,"84,98","8,23",1.900.000,195.042.000,"0,83",-,"10,1%",-,-
567,ECOR3,"14,62","-39,69",558.699.000,375.633.000,"21,75","30,9%","-54,8%","12,0%","0,72"
568,ECPR3,"69,99","6,78",1.900.000,195.042.000,"0,68",-,"10,1%",-,-
569,ECIS4,"145,00","0,00",0,129.346.000,"0,00","34,9%","7,3%","12,5%","1,38"
570,ECIS3,"211,65","0,00",0,129.346.000,"0,00","34,9%","7,3%","12,5%","1,38"
571,EBTP3,"10,21","-43,56",1.231.360.000.000,10.782.200.000,"1,17","8,5%","-2,7%","6,0%","0,99"
572,EBTP4,"10,00","-42,66",1.231.360.000.000,10.782.200.000,"1,14","8,5%","-2,7%","6,0%","0,99"
573,EBEN4,"17,51","2,29",39.091.700.000,1.308.460.000,"0,52","12,4%","22,8%","15,4%","1,37"
574,EALT4,"5,10","6,50",22.500.000,165.525.000,"0,69","7,4%","10,7%","6,4%","1,15"
575,EBCO4,"1,00","11,46",664.727.000,828.097.000,"0,80","3,9%","7,0%","5,0%","1,01"
576,EBCO3,"1,05","12,03",664.727.000,828.097.000,"0,84","3,9%","7,0%","5,0%","1,01"
577,EALT3,"14,90","18,99",22.500.000,165.525.000,"2,03","7,4%","10,7%","6,4%","1,15"
578,DXTG4,"3,68","13,02",274.810.000,768.999.000,"1,32","10,8%","10,1%","12,3%","2,77"
579,DURA3,"31,90","16,62",126.695.000,1.789.980.000,"2,26","21,6%","13,6%","14,4%","1,27"
580,DUQE4,"2,95","-0,17",2.816.000,-6.987.000,"-1,19","-732,9%","715,7%","-28,2%","0,33"
581,DUQE3,"28,00","-1,58",2.816.000,-6.987.000,"-11,29","-732,9%","715,7%","-28,2%","0,33"
582,DUFB11,"0,00","0,00",6.954.000,0,"0,00",-,-,-,-
583,DURA4,"31,39","16,35",126.695.000,1.789.980.000,"2,22","21,6%","13,6%","14,4%","1,27"
584,DTEX3,"13,11","-428,83",691.785.000,4.765.100.000,"1,90","7,1%","-0,4%","3,6%","1,52"
585,DTCY3,"4,60","-20,56",7.789.000,-882.000,"-40,62","9,9%","197,6%","4,9%","0,37"
586,DPPI3,"85,00","16,65",32.000.000,545.227.000,"4,99","-0,8%","30,0%","3,0%","3,14"
587,DSUL3,"7,95","5,65",28.975.000,236.447.000,"0,97","37,1%","17,2%","48,9%","3,50"
588,DPPI4,"38,90","7,62",32.000.000,545.227.000,"2,28","-0,8%","30,0%","3,0%","3,14"
589,DOHL4,"7,70","42,32",60.516.000,575.310.000,"0,81","2,4%","1,9%","1,8%","5,57"
590,DOHL3,"8,20","45,06",60.516.000,575.310.000,"0,86","2,4%","1,9%","1,8%","5,57"
591,DOCA3,"11,00","-0,40",1.159.040,-390.317.000,"-0,03","1.165,9%","8,2%","-12,5%","0,61"
592,DOCA4,"5,00","-0,18",1.159.040,-390.317.000,"-0,01","1.165,9%","8,2%","-12,5%","0,61"
593,DJON4,"0,18","-1,70",3.271.000.000,2.702.000,"0,22","67,4%","-12,8%","-12,0%","0,24"
594,DMMO3,"8,49","-5,10",270.040.000,-474.698.000,"-4,83","4,3%","94,7%","1,7%","0,54"
595,DIRR3,"11,90","20,18",153.399.000,1.302.000.000,"1,40","14,9%","6,9%","5,9%","4,72"
596,DFVA4,"8,00","-25,35",7.172.000,1.170.000,"49,04","-7,7%","-193,4%","-10,4%","1,33"
597,DHBI4,"1,01","-0,04",4.197.000,-456.340.000,"-0,01","-23,6%","21,0%","-10,5%","0,12"
598,DHBI3,"19,00","-0,83",4.197.000,-456.340.000,"-0,17","-23,6%","21,0%","-10,5%","0,12"
599,DFVA3,"9,90","-31,38",7.172.000,1.170.000,"60,69","-7,7%","-193,4%","-10,4%","1,33"
600,DAGB33,"375,00","71,75",53.871.700,12.597.300.000,"1,60","5,4%","2,2%","5,0%","1,17"
601,DAYC4,"8,90","4,12",241.464.000,3.009.030.000,"0,71",-,"17,3%",-,-
602,DAYC3,"0,00","0,00",241.464.000,3.009.030.000,"0,00",-,"17,3%",-,-
603,DASA3,"45,00","111,60",315.054.000,3.569.130.000,"3,97","8,5%","3,6%","4,6%","1,52"
604,CZRS4,"2,49","8,89",136.727.000,1.145.670.000,"0,30",-,"3,3%",-,-
605,CZLT33,"29,23","11,24",270.687.000,5.691.680.000,"1,39","17,0%","12,4%","5,3%","1,58"
606,CZRS3,"0,00","0,00",136.727.000,1.145.670.000,"0,00",-,"3,3%",-,-
607,CYRE4,"8,50","8,88",399.743.000,5.112.190.000,"0,66","10,5%","7,5%","5,1%","2,88"
608,CYRE3,"27,37","28,59",399.743.000,5.112.190.000,"2,14","10,5%","7,5%","5,1%","2,88"
609,CTWR3,"100,00","9,76",499.000,879.000,"56,77","-3,0%","581,9%","-21,9%","1,45"
610,CVCB3,"40,66","25,10",149.082.000,1.370.930.000,"4,42","35,6%","17,6%","12,2%","1,49"
611,CTSA3,"5,04","3,23",39.299.000,286.680.000,"0,69","8,0%","21,4%","6,5%","1,21"
612,CTSA4,"5,80","3,71",39.299.000,286.680.000,"0,80","8,0%","21,4%","6,5%","1,21"
613,CTSA8,"1,00","0,64",39.299.000,286.680.000,"0,14","8,0%","21,4%","6,5%","1,21"
614,CTPC4,"6,50","2,48",12.981.000,2.411.000,"0,03",-,"1,4%",-,-
615,CTPC3,"0,20","76,36",12.981.000,2.411.000,"1,08",-,"1,4%",-,-
616,CTNM4,"9,06","2,74",30.636.000,1.028.930.000,"0,27","30,7%","9,8%","9,3%","1,18"
617,CTKA4,"12,50","-0,96",6.205.000,-335.439.000,"-0,23","7,1%","24,0%","7,1%","0,32"
618,CTNM3,"10,50","3,17",30.636.000,1.028.930.000,"0,31","30,7%","9,8%","9,3%","1,18"
619,CTIP3,"49,50","35,13",262.979.000,1.486.250.000,"8,76","39,0%","24,9%","24,6%","0,85"
620,CTKA3,"13,00","-1,00",6.205.000,-335.439.000,"-0,24","7,1%","24,0%","7,1%","0,32"
621,CSTB4,"147,69","0,00",0,8.420.670.000,"0,00","40,8%","20,1%","22,4%","2,60"
622,CSRN6,"17,06","18,43",168.074.000,1.002.440.000,"2,86","12,9%","15,5%","7,0%","1,72"
623,CSTB3,"150,00","0,00",0,8.420.670.000,"0,00","40,8%","20,1%","22,4%","2,60"
624,CSRN5,"18,00","19,45",168.074.000,1.002.440.000,"3,02","12,9%","15,5%","7,0%","1,72"
625,CSNA3,"11,44","6,44",1.387.520.000,8.838.390.000,"1,80","21,6%","27,9%","12,0%","1,06"
626,CSPC4,"1,20","0,00",0,2.126.670.000,"0,00","38,6%","45,3%","29,2%","1,43"
627,CSPC3,"1,24","0,00",0,2.126.670.000,"0,00","38,6%","45,3%","29,2%","1,43"
628,CSRN3,"18,49","19,98",168.074.000,1.002.440.000,"3,10","12,9%","15,5%","7,0%","1,72"
629,CSAB4,"43,51","0,00",7.680.000,0,"0,00",-,-,-,-
630,CSAN3,"60,80","10,97",394.210.000,9.587.870.000,"2,50","11,4%","22,8%","5,6%","1,75"
631,CSAB3,"49,90","0,00",7.680.000,0,"0,00",-,-,-,-
632,CSMG3,"64,45","12,07",126.751.000,6.609.220.000,"1,24","23,4%","10,2%","10,9%","1,63"
633,CRTP5,"62,10","15,98",33.281.000,1.210.570.000,"1,71","12,4%","10,7%","12,4%","2,14"
634,CRUZ3,"27,59","25,31",1.528.450.000,1.877.350.000,"22,46","31,9%","88,8%","46,8%","1,19"
635,CRTP3,"86,50","22,26",33.281.000,1.210.570.000,"2,38","12,4%","10,7%","12,4%","2,14"
636,CRPG5,"22,00","4,78",29.019.000,582.094.000,"1,10","16,7%","22,9%","18,8%","9,16"
637,CRPG6,"22,37","4,86",29.019.000,582.094.000,"1,12","16,7%","22,9%","18,8%","9,16"
638,CRPG3,"29,00","6,30",29.019.000,582.094.000,"1,45","16,7%","22,9%","18,8%","9,16"
639,CRIV4,"7,30","10,43",102.943.000,942.527.000,"0,80",-,"7,6%",-,-
640,CRIV3,"5,95","8,50",102.943.000,942.527.000,"0,65",-,"7,6%",-,-
641,CRFB3,"18,17","35,59",1.984.140.000,12.866.000.000,"2,80","6,4%","7,9%","12,4%","1,03"
642,CREM3,"14,50","32,69",32.077.000,189.701.000,"2,45","8,0%","7,5%","11,4%","1,29"
643,CREM4,"48,00","0,11",32.077.000,189.701.000,"0,01","8,0%","7,5%","11,4%","1,29"
644,CRDE3,"22,80","-4,37",2.422.000,158.573.000,"0,35","-40,4%","-8,0%","-8,2%","5,61"
645,CRBM7,"60,00","-19,30",30.009.000,827.347.000,"2,18","-9,7%","-11,3%","-12,7%","2,24"
646,CRBM3,"90,00","-28,95",30.009.000,827.347.000,"3,26","-9,7%","-11,3%","-12,7%","2,24"
647,CPSL3,"38,02","8,56",150.217.000,1.634.730.000,"3,49","13,6%","40,8%","57,1%","1,89"
648,CPRE3,"17,43","102,38",521.315.000,4.432.400.000,"2,05","46,8%","2,0%","8,1%","0,91"
649,CPNY3,"2,35","-11,00",72.006.100,398.830.000,"0,42","19,1%","-3,9%","5,5%","2,26"
650,CPLE6,"58,90","9,00",273.655.000,17.451.900.000,"0,92","21,5%","10,3%","10,1%","1,39"
651,CPLE5,"27,51","4,20",273.655.000,17.451.900.000,"0,43","21,5%","10,3%","10,1%","1,39"
652,CPLE3,"61,06","9,33",273.655.000,17.451.900.000,"0,96","21,5%","10,3%","10,1%","1,39"
653,CPFG4,"12,26","2,95",205.492.000.000,2.867.570.000,"0,88","51,4%","29,8%","10,8%","0,86"
654,CPFG3,"12,65","3,05",205.492.000.000,2.867.570.000,"0,91","51,4%","29,8%","10,8%","0,86"
655,CPFP4,"44,00","0,00",53.096.800.000,711.776.000,"3,28",-,-,-,-
656,CORR4,"70,00","-0,31",23.153,-4.251.000,"-0,38","-280,3%","123,5%","-60,2%","20,26"
657,CPFE3,"32,03","14,97",1.152.250.000,13.649.400.000,"2,70","15,9%","18,1%","11,9%","1,09"
658,CORR3,"12,00","-0,05",23.153,-4.251.000,"-0,07","-280,3%","123,5%","-60,2%","20,26"
659,COGN3,"10,29","32,74",1.644.250.000,16.062.500.000,"1,05","12,4%","3,2%","2,7%","1,76"
660,COCE3,"50,00","11,86",77.855.000,2.988.960.000,"1,30","8,4%","11,0%","5,8%","1,08"
661,CNTO3,"27,50","0,00",210.141.000,991.151.000,"5,83",-,-,-,"1,25"
662,COCE5,"61,99","14,71",77.855.000,2.988.960.000,"1,61","8,4%","11,0%","5,8%","1,08"
663,COCE6,"35,00","8,30",77.855.000,2.988.960.000,"0,91","8,4%","11,0%","5,8%","1,08"
664,CNFB4,"5,99","9,01",406.266.000,1.552.470.000,"1,57","18,3%","17,4%","12,0%","2,20"
665,CMMA4,"0,81","0,00",0,-79.623.000,"0,00",-,"-1,9%",-,-
666,CMIG4,"12,88","5,17",1.458.750.000,17.207.300.000,"1,09","19,2%","21,1%","10,1%","1,32"
667,CMIG3,"14,55","5,84",1.458.750.000,17.207.300.000,"1,23","19,2%","21,1%","10,1%","1,32"
668,CMET4,"3,91","8,10",3.919.750.000,2.847.970.000,"5,38","53,6%","66,4%","81,4%","2,64"
669,CLSC5,"39,01","7,49",38.572.000,2.025.410.000,"0,74","4,1%","9,9%","3,4%","0,98"
670,CLSC6,"0,00","0,00",38.572.000,2.025.410.000,"0,00",-,"9,9%",-,-
671,CLSC3,"44,99","8,63",38.572.000,2.025.410.000,"0,86","4,1%","9,9%","3,4%","0,98"
672,CLAN4,"3,00","-44,92",158.703.000,1.012.240.000,"0,47","-18,4%","-1,0%","-0,5%","0,73"
673,CLAN3,"0,00","0,00",158.703.000,1.012.240.000,"0,00",-,"-1,0%",-,-
674,CLSC4,"38,30","7,35",38.572.000,2.025.410.000,"0,73","4,1%","9,9%","3,4%","0,98"
675,CIQU4,"12,49","6,63",24.948.000,296.175.000,"1,05","9,7%","15,9%","12,7%","1,36"
676,CIQU3,"12,49","6,63",24.948.000,296.175.000,"1,05","9,7%","15,9%","12,7%","1,36"
677,CIEL3,"7,89","10,40",2.716.820.000,9.297.950.000,"2,31","32,1%","22,2%","16,9%","1,09"
678,CGRA4,"25,00","9,27",20.101.000,530.643.000,"0,95","9,1%","10,2%","6,5%","2,74"
679,CGRA3,"25,10","9,31",20.101.000,530.643.000,"0,95","9,1%","10,2%","6,5%","2,74"
680,CGOS4,"16,00","-0,00",32.780.000,453.387.000,"0,00","-0,2%","-39,0%","-0,1%","0,54"
681,CGOS3,"26,20","-4,85",32.780.000,453.387.000,"1,89","-0,2%","-39,0%","-0,1%","0,54"
682,CGAS3,"92,00","6,56",132.521.000,3.722.810.000,"3,27","21,0%","49,9%","27,2%","1,66"
683,CGAS5,"99,80","7,11",132.521.000,3.722.810.000,"3,55","21,0%","49,9%","27,2%","1,66"
684,CESP5,"29,30","-86,57",327.503.000,6.940.700.000,"1,38","4,5%","-1,6%","0,6%","2,18"
685,CESP6,"29,37","-86,77",327.503.000,6.940.700.000,"1,39","4,5%","-1,6%","0,6%","2,18"
686,CFLU4,"1.000,00","0,00",0,60.351.000,"0,00","8,9%","32,2%","17,7%","1,10"
687,CESP4,"16,29","-0,05",327.503.000,6.940.700.000,"0,00","4,5%","-1,6%","0,6%","2,18"
688,CEPE6,"19,20","14,51",74.612.000,1.618.100.000,"0,89","10,3%","6,1%","6,6%","1,09"
689,CESP3,"27,70","-81,84",327.503.000,6.940.700.000,"1,31","4,5%","-1,6%","0,6%","2,18"
690,CEPE5,"22,65","17,12",74.612.000,1.618.100.000,"1,04","10,3%","6,1%","6,6%","1,09"
691,CELP7,"6,23","24,99",2.209.070.000,3.280.990.000,"4,19","21,6%","16,8%","14,9%","2,20"
692,CELP5,"6,85","27,48",2.209.070.000,3.280.990.000,"4,61","21,6%","16,8%","14,9%","2,20"
693,CEPE3,"24,53","18,54",74.612.000,1.618.100.000,"1,13","10,3%","6,1%","6,6%","1,09"
694,CELM3,"15,00","-0,67",116.000,-11.104.000,"-0,16","-25,1%","23,4%","-15,6%","0,44"
695,CEGR3,"47,03","67,77",259.638.000,1.267.850.000,"9,63","9,7%","14,2%","15,4%","0,77"
696,CEED4,"100,00","-0,85",9.681.000,-3.352.110.000,"-0,29","-16,0%","33,9%","-17,3%","0,24"
697,CEED3,"100,00","-0,85",9.681.000,-3.352.110.000,"-0,29","-16,0%","33,9%","-17,3%","0,24"
698,CEEB5,"36,08","13,41",262.096.000,5.021.360.000,"1,88","16,2%","14,0%","7,1%","1,21"
699,CEDO4,"8,49","1,65",10.000.000,185.246.000,"0,46","-3,0%","27,8%","-3,1%","0,95"
700,CEEB3,"38,50","14,31",262.096.000,5.021.360.000,"2,01","16,2%","14,0%","7,1%","1,21"
701,CEDO3,"8,31","1,61",10.000.000,185.246.000,"0,45","-3,0%","27,8%","-3,1%","0,95"
702,CEBR6,"48,84","6,55",14.416.000,391.531.000,"1,80","4,6%","27,5%","4,2%","1,08"
703,CEBR3,"51,19","6,86",14.416.000,391.531.000,"1,88","4,6%","27,5%","4,2%","1,08"
704,CEBR5,"53,00","7,11",14.416.000,391.531.000,"1,95","4,6%","27,5%","4,2%","1,08"
705,CEAB3,"0,00","0,00",308.245.000,0,"0,00",-,-,-,-
706,CCXC3,"2,10","-0,86",1.701.000,-52.699.000,"-0,07",-,"7,9%",-,-
707,CCTU4,"37,28","7,65",2.046.000,82.550.000,"0,92","2,1%","12,1%","3,0%","1,48"
708,CCRO3,"17,50","47,86",2.020.000.000,8.742.880.000,"4,04","32,1%","8,4%","12,0%","1,06"
709,CCIM3,"5,52","-16,44",113.000.000,660.347.000,"0,94","5,6%","-5,7%","2,4%","2,58"
710,CCPR3,"20,20","-169,70",159.664.000,1.040.750.000,"3,10","52,4%","-1,8%","7,3%","1,40"
711,CCHI4,"0,02","0,00",78.000.000,-160.477.000,"-0,01",-,-,-,-
712,CCHI3,"0,02","0,00",78.000.000,-160.477.000,"-0,01",-,-,-,-
713,CBMA4,"0,01","-0,00",102.585.000,-10.534.100.000,"-0,00",-,"11,6%",-,-
714,CBMA3,"0,01","-0,00",102.585.000,-10.534.100.000,"-0,00",-,"11,6%",-,-
715,CBEE3,"19,00","12,09",166.634.000,3.665.090.000,"0,86","10,4%","7,1%","6,4%","0,89"
716,CASN3,"18,00","-346,93",715.094.000,1.306.800.000,"9,85","4,1%","-2,8%","1,4%","1,88"
717,CARD3,"7,72","12,21",41.800.000,251.518.000,"1,28","7,9%","10,5%","8,1%","0,97"
718,CAML3,"6,80","7,69",385.473.000,2.258.460.000,"1,16","5,0%","15,1%","6,3%","2,02"
719,CAMB4,"5,80","14,79",41.980.000,70.840.000,"3,44","9,9%","23,2%","9,9%","1,09"
720,CAMB3,"0,00","0,00",41.980.000,70.840.000,"0,00","9,9%","23,2%","9,9%","1,09"
721,CALI3,"98,18","-3,45",372.000,9.116.000,"4,01","-339,2%","-116,1%","-64,8%","1,83"
722,CAFE4,"0,50","0,00",2.184.540.000,-377.387.000,"-0,00","-53,1%","-64,2%","-2,8%","0,02"
723,CALI4,"50,08","-1,76",372.000,9.116.000,"2,04","-339,2%","-116,1%","-64,8%","1,83"
724,BUET4,"18,49","-4,04",4.845.000,-124.674.000,"-0,72","-14,9%","17,8%","-6,0%","0,11"
725,CAFE3,"2,00","0,02",2.184.540.000,-377.387.000,"-0,01","-53,1%","-64,2%","-2,8%","0,02"
726,BUET3,"24,99","-5,46",4.845.000,-124.674.000,"-0,97","-14,9%","17,8%","-6,0%","0,11"
727,BTTL4,"3,30","-9,02",14.861.000,4.832.000,"10,15","2,1%","-112,5%","10,4%","1,11"
728,BTTL3,"5,20","-14,22",14.861.000,4.832.000,"15,99","2,1%","-112,5%","10,4%","1,11"
729,BSLI4,"46,01","5,15",36.305.000,1.544.670.000,"1,08",-,"21,0%",-,-
730,BTOW3,"54,21","-64,86",522.861.000,5.637.460.000,"5,03","0,6%","-7,8%","0,6%","2,47"
731,BSLI3,"42,50","4,75",36.305.000,1.544.670.000,"1,00",-,"21,0%",-,-
732,BSEV3,"2,48","-2,51",1.020.430.000,210.580.000,"12,02","4,3%","-479,6%","2,7%","1,12"
733,BSCT6,"2,58","22,49",167.978.000,212.960.000,"2,04",-,"9,0%",-,-
734,BSGR3,"1.091,28","0,00",0,0,"0,00",-,-,-,-
735,BSCT5,"3,50","30,51",167.978.000,212.960.000,"2,76",-,"9,0%",-,-
736,BSCT3,"4,05","0,04",167.978.000,212.960.000,"0,00",-,"9,0%",-,-
737,BRTP4,"20,81","-39,19",363.969.000,5.302.340.000,"1,43","19,4%","-3,6%","13,4%","1,29"
738,BRTP3,"35,71","-67,26",363.969.000,5.302.340.000,"2,45","19,4%","-3,6%","13,4%","1,29"
739,BRSR6,"20,69","7,05",408.974.000,7.732.900.000,"1,09",-,"15,5%",-,-
740,BRSR5,"23,30","7,94",408.974.000,7.732.900.000,"1,23",-,"15,5%",-,-
741,BRSR4,"181,10","0,06",408.974.000,7.732.900.000,"0,01",-,"15,5%",-,-
742,BRSR3,"22,70","7,74",408.974.000,7.732.900.000,"1,20",-,"15,5%",-,-
743,BRPR3,"12,90","134,95",407.135.000,5.791.030.000,"0,91","72,2%","0,7%","3,2%","2,12"
744,BRML3,"15,78","12,07",872.728.000,10.629.400.000,"1,30","71,7%","10,7%","3,9%","2,07"
745,BRKM6,"24,99","41,47",797.219.000,7.263.760.000,"2,74","5,8%","6,6%","6,4%","0,77"
746,BRKM5,"28,81","47,81",797.219.000,7.263.760.000,"3,16","5,8%","6,6%","6,4%","0,77"
747,BRKM3,"30,49","50,60",797.219.000,7.263.760.000,"3,35","5,8%","6,6%","6,4%","0,77"
748,BRIV4,"8,11","11,06",88.601.000,1.478.470.000,"0,49",-,"4,4%",-,-
749,BRIV3,"8,77","11,96",88.601.000,1.478.470.000,"0,53",-,"4,4%",-,-
750,BRGE8,"6,90","10,21",73.646.000,1.181.120.000,"0,43","-1.501,8%","4,2%","-26,9%","1,41"
751,BRGE7,"5,40","7,99",73.646.000,1.181.120.000,"0,34","-1.501,8%","4,2%","-26,9%","1,41"
752,BRGE6,"11,10","16,43",73.646.000,1.181.120.000,"0,69","-1.501,8%","4,2%","-26,9%","1,41"
753,BRGE5,"8,01","11,86",73.646.000,1.181.120.000,"0,50","-1.501,8%","4,2%","-26,9%","1,41"
754,BRGE3,"7,25","10,73",73.646.000,1.181.120.000,"0,45","-1.501,8%","4,2%","-26,9%","1,41"
755,BRGE11,"6,25","9,25",73.646.000,1.181.120.000,"0,39","-1.501,8%","4,2%","-26,9%","1,41"
756,BRGE12,"4,81","7,12",73.646.000,1.181.120.000,"0,30","-1.501,8%","4,2%","-26,9%","1,41"
757,BRDT3,"27,63","8,65",1.165.000.000,9.602.000.000,"3,35","2,2%","38,7%","10,1%","1,46"
758,BRFS3,"32,96","-11,52",812.473.000,7.149.920.000,"3,75","6,8%","-32,5%","6,6%","1,25"
759,BRAP4,"32,16","5,73",348.034.000,10.204.600.000,"1,10",-,"19,2%",-,-
760,BRAP3,"28,98","5,16",348.034.000,10.204.600.000,"0,99",-,"19,2%",-,-
761,BPNM3,"0,00","0,00",1.141.810.000,4.830.820.000,"0,00",-,"8,7%",-,-
762,BPIA3,"6,10","5,64",13.488.000,77.395.000,"1,06",-,"18,8%",-,-
763,BPHA3,"0,62","0,06",113.081.000,-292.294.000,"-0,24","-2.581,7%","-402,5%","401,0%","0,06"
764,BPAT33,"20,00","0,00",719.145.000,876.492.000,"0,82",-,-,-,-
765,BPAN4,"8,82","23,86",1.141.810.000,4.830.820.000,"2,08",-,"8,7%",-,-
766,BPAR3,"182,07","5,23",9.522.000,1.366.870.000,"1,27",-,"24,2%",-,-
767,BPAC5,"21,00","17,98",2.637.240.000,20.766.600.000,"2,67",-,"14,8%",-,-
768,BOVH3,"15,71","0,00",722.888.000,1.843.320.000,"6,16",-,-,-,"4,40"
769,BPAC11,"67,10","19,15",2.637.240.000,20.766.600.000,"2,84",-,"14,8%",-,-
770,BPAC3,"25,98","22,25",2.637.240.000,20.766.600.000,"3,30",-,"14,8%",-,-
771,BOBR4,"1,72","-6,39",268.416.000,-279.734.000,"-1,65","6,3%","25,8%","14,8%","0,54"
772,BOBR3,"0,00","0,00",268.416.000,-279.734.000,"0,00","6,3%","25,8%","14,8%","0,54"
773,BNCA3,"70,30","-90,30",107.036.000,3.068.150.000,"2,45",-,"-2,7%",-,-
774,BNBR4,"27,01","1,67",86.371.000,5.075.040.000,"0,46",-,"27,4%",-,-
775,BMEF3,"11,00","0,00",1.010.790.000,2.674.780.000,"4,16",-,-,-,"3,70"
776,BMTO3,"7,82","17,84",286.444.000,1.046.320.000,"2,14",-,"12,0%",-,-
777,BMIN4,"18,30","43,07",4.825.000,120.283.000,"0,73",-,"1,7%",-,-
778,BMKS3,"249,00","28,09",454.750,188.600.000,"0,60","-34,0%","2,1%","-8,8%","26,48"
779,BMIN3,"16,60","39,07",4.825.000,120.283.000,"0,67",-,"1,7%",-,-
780,BMGB11,"45,00","0,00",500.007.000,2.732.880.000,"2,06",-,-,-,-
781,BMEB4,"11,80","6,57",52.416.000,878.333.000,"0,70",-,"10,7%",-,-
782,BIDI4,"14,90","136,70",702.805.000,2.188.220.000,"4,79",-,"3,5%",-,-
783,BISA3,"1,58","-1,77",1.339.600.000,1.788.370.000,"1,18","-42,0%","-66,9%","-8,5%","2,22"
784,BIOM4,"8,68","-7,52",47.840.000,65.021.000,"6,39","-842,0%","-84,9%","-19,4%","1,77"
785,BMEB3,"12,20","6,79",52.416.000,878.333.000,"0,73",-,"10,7%",-,-
786,BKBR3,"17,15","42,72",228.105.000,1.755.120.000,"2,23","4,3%","5,2%","4,7%","0,91"
787,BNBR3,"79,90","4,95",86.371.000,5.075.040.000,"1,36",-,"27,4%",-,-
788,BIDI3,"14,98","137,43",702.805.000,2.188.220.000,"4,81",-,"3,5%",-,-
789,BMTO4,"7,57","17,27",286.444.000,1.046.320.000,"2,07",-,"12,0%",-,-
790,BIDI11,"45,30","138,53",702.805.000,2.188.220.000,"4,85",-,"3,5%",-,-
791,BIOM3,"9,86","-8,54",47.840.000,65.021.000,"7,25","-842,0%","-84,9%","-19,4%","1,77"
792,BICB4,"8,25","-2,43",252.904.000,944.626.000,"2,21",-,"-91,0%",-,-
793,BICB3,"8,00","-2,35",252.904.000,944.626.000,"2,14",-,"-91,0%",-,-
794,BHGR3,"19,10","-272,16",62.141.400,1.077.600.000,"1,10","15,2%","-0,4%","3,9%","0,96"
795,BGIP3,"55,00","11,69",15.285.000,380.893.000,"2,21",-,"18,9%",-,-
796,BGIP4,"38,36","8,15",15.285.000,380.893.000,"1,54",-,"18,9%",-,-
797,BFIT3,"0,98","18,49",3.890.550.000,1.849.420.000,"2,06",-,"11,1%",-,-
798,BESP3,"330,00","10,38",38.747.800.000,5.183.100.000,"2,47",-,"23,8%",-,-
799,BESP4,"344,00","10,82",38.747.800.000,5.183.100.000,"2,57",-,"23,8%",-,-
800,BEMA3,"10,80","15,32",51.568.000,457.342.000,"1,22","9,0%","7,9%","7,0%","2,66"
801,BERG3,"33,00","0,00",0,9.538.000,"0,00","-8,6%","-102,7%","-5,6%","0,46"
802,BELG3,"1.375,50","0,36",650.993.000,13.495.400.000,"0,07","27,7%","18,6%","22,0%","1,97"
803,BELG4,"1.370,00","0,36",650.993.000,13.495.400.000,"0,07","27,7%","18,6%","22,0%","1,97"
804,BFIT4,"0,93","17,55",3.890.550.000,1.849.420.000,"1,96",-,"11,1%",-,-
805,BEES3,"5,69","8,48",315.913.000,1.568.220.000,"1,15",-,"13,5%",-,-
806,BEES4,"5,80","8,65",315.913.000,1.568.220.000,"1,17",-,"13,5%",-,-
807,BEEF3,"11,90","-14,08",378.139.000,-767.223.000,"-5,87","7,6%","41,6%","17,4%","1,52"
808,BECE4,"8,75","-3,29",92.469.000,96.496.000,"8,38",-,"-255,2%",-,-
809,BDLL4,"6,28","-0,11",1.600.000,82.368.000,"0,12","-65,0%","-107,6%","-6,6%","0,69"
810,BECE3,"9,10","-3,42",92.469.000,96.496.000,"8,72",-,"-255,2%",-,-
811,BDLL3,"24,01","-0,43",1.600.000,82.368.000,"0,47","-65,0%","-107,6%","-6,6%","0,69"
812,BBTG13,"0,00","0,00",84.440.000,46.000,"0,00",-,"-20.621,7%",-,-
813,BCAL6,"0,28","-1,70",72.410.000.000,-290.863.000,"-0,07","5,0%","4,1%","39,0%","0,01"
814,BBTG12,"3,15","-28,04",84.440.000,46.000,"5.782,31",-,"-20.621,7%",-,-
815,BBRK3,"4,08","-1,90",36.278.300,187.133.000,"0,79","-5,6%","-41,7%","-2,2%","1,93"
816,BBTG11,"15,01","0,00",0,0,"0,00",-,-,-,-
817,BBDC3,"31,39","11,11",8.063.830.000,138.313.000.000,"1,83",-,"16,5%",-,-
818,BBDC4,"33,35","11,81",8.063.830.000,138.313.000.000,"1,94",-,"16,5%",-,-
819,BBSE3,"34,40","0,00",2.000.000.000,0,"0,00",-,-,-,-
820,BBAS3,"46,51","8,33",2.865.420.000,94.496.200.000,"1,41",-,"16,9%",-,-
821,BAUH4,"68,95","14,13",5.222.000,72.604.000,"4,96","8,5%","35,1%","24,8%","1,86"
822,BAZA3,"36,30","5,86",29.646.000,2.041.970.000,"0,53",-,"9,0%",-,-
823,BALM4,"11,50","46,06",9.800.000,102.201.000,"1,10","7,0%","2,4%","6,0%","2,02"
824,BALM3,"12,00","48,06",9.800.000,102.201.000,"1,15","7,0%","2,4%","6,0%","2,02"
825,BAHI5,"65,00","-21,41",2.219.360,53.301.000,"2,71","-19,5%","-12,6%","-8,0%","2,34"
826,BAHI3,"104,00","-34,26",2.219.360,53.301.000,"4,33","-19,5%","-12,6%","-8,0%","2,34"
827,BAHI4,"86,00","-28,33",2.219.360,53.301.000,"3,58","-19,5%","-12,6%","-8,0%","2,34"
828,B3SA3,"49,80","40,00",2.059.140.000,25.361.800.000,"4,04","50,9%","10,1%","9,8%","1,26"
829,BAHI11,"43,70","-14,40",2.219.360,53.301.000,"1,82","-19,5%","-12,6%","-8,0%","2,34"
830,AZEV4,"2,03","-0,08",5.400.000,-211.781.000,"-0,05","-115,1%","63,0%","-192,5%","0,13"
831,AZEV3,"5,47","-0,22",5.400.000,-211.781.000,"-0,14","-115,1%","63,0%","-192,5%","0,13"
832,AZUL4,"50,10","102,20",341.746.000,-644.791.000,"-26,55","14,1%","-26,0%","9,5%","0,67"
833,ATOM3,"1,49","10,72",20.899.000,4.270.000,"7,29","37,1%","68,0%","74,2%","102,26"
834,AVIL3,"0,93","12,97",4.944.310.000,1.106.590.000,"4,16","23,4%","32,0%","41,0%","5,14"
835,AUTM3,"19,70","20,00",125.769.000,1.304.250.000,"1,90","10,5%","9,5%","11,9%","1,48"
836,ASSM4,"6,10","0,29",237.000,-9.943.000,"-0,15","-2.084,4%","-50,7%","35,4%","0,21"
837,ASTA4,"25,83","-30,79",20.000.000,515.672.000,"1,00","3,3%","-3,3%","2,5%","1,71"
838,ASSM3,"7,12","0,33",237.000,-9.943.000,"-0,17","-2.084,4%","-50,7%","35,4%","0,21"
839,ARZZ3,"60,67","37,87",90.954.000,710.655.000,"7,76","10,6%","20,5%","17,8%","1,97"
840,ARTR3,"10,01","-63,02",574.879.000,6.393.440.000,"0,90","10,4%","-1,4%","2,1%","0,54"
841,ARTE4,"6,81","-0,03",158.000,-33.570.000,"-0,03",-,"102,9%",-,-
842,ARTE3,"7,70","-0,04",158.000,-33.570.000,"-0,04",-,"102,9%",-,-
843,ARPS4,"0,00","0,00",0,-12.690.000,"0,00","-4,9%","20,3%","-6,6%","0,91"
844,ARPS3,"0,30","0,00",0,-12.690.000,"0,00","-4,9%","20,3%","-6,6%","0,91"
845,ARLA4,"3,38","-2,21",4.460.000,-24.319.000,"-0,62","-31,7%","28,0%","-13,7%","0,10"
846,ARLA3,"2,47","-1,62",4.460.000,-24.319.000,"-0,45","-31,7%","28,0%","-13,7%","0,10"
847,ARCZ6,"3,63","-1,86",1.032.550.000,1.934.210.000,"1,94","11,5%","-104,0%","4,0%","2,86"
848,ARCZ3,"3,66","-1,88",1.032.550.000,1.934.210.000,"1,95","11,5%","-104,0%","4,0%","2,86"
849,APTI4,"3.500,00","-10,69",19.000,221.278.000,"0,30","-12,5%","-2,8%","-1,7%","1,09"
850,ARCE3,"54,00","14,01",650.993.000,13.495.400.000,"2,60","27,7%","18,6%","22,0%","1,97"
851,APER3,"23,50","-1,31",7.678.000,97.083.000,"1,86","-161,3%","-141,9%","-97,9%","1,02"
852,ANIM3,"21,95","2.612,15",80.209.000,683.761.000,"2,57","8,6%","0,1%","4,9%","0,79"
853,AMPI3,"55,00","12,41",12.000.000.000,240.799.000,"2,74","25,2%","22,1%","21,2%","1,12"
854,AMIL3,"32,20","-73,28",366.746.000,1.532.980.000,"7,70","0,8%","-10,5%","2,2%","0,75"
855,AMBV4,"86,80","26,59",3.132.290.000,31.105.700.000,"8,74","39,1%","32,9%","32,4%","1,18"
856,AMAR3,"10,09","37,26",204.086.000,840.223.000,"2,45","8,3%","6,6%","8,2%","1,31"
857,AMBV3,"87,00","26,65",3.132.290.000,31.105.700.000,"8,76","39,1%","32,9%","32,4%","1,18"
858,ALUP4,"7,08","7,24",879.111.000,5.064.230.000,"1,23","55,3%","17,0%","16,3%","2,79"
859,ALUP11,"23,98","8,18",879.111.000,5.064.230.000,"1,39","55,3%","17,0%","16,3%","2,79"
860,ALUP3,"9,97","10,20",879.111.000,5.064.230.000,"1,73","55,3%","17,0%","16,3%","2,79"
861,ALSO3,"42,35","600,95",238.080.000,5.206.140.000,"1,94","65,2%","0,3%","3,4%","4,07"
862,ALSC3,"27,75","38,57",205.198.000,2.593.960.000,"2,20","55,5%","5,7%","7,0%","5,39"
863,ALPA4,"29,31","75,16",588.062.000,2.535.080.000,"6,80","11,6%","9,0%","14,0%","2,18"
864,ALPA3,"25,10","64,36",588.062.000,2.535.080.000,"5,82","11,6%","9,0%","14,0%","2,18"
865,ALLL4,"3,32","7,28",1.559.020.000,8.142.050.000,"0,64","28,7%","8,7%","6,8%","1,34"
866,ALLL11,"16,50","7,23",1.559.020.000,8.142.050.000,"0,63","28,7%","8,7%","6,8%","1,34"
867,AHEB6,"80,00","-13,21",7.522.000,16.266.000,"37,00","-42,6%","-280,1%","-20,3%","0,49"
868,ALBA3,"2,15","0,00",0,354.860.000,"0,00","9,5%","19,8%","20,4%","1,83"
869,ALLL3,"3,97","8,70",1.559.020.000,8.142.050.000,"0,76","28,7%","8,7%","6,8%","1,34"
870,AHEB3,"31,00","-5,12",7.522.000,16.266.000,"14,34","-42,6%","-280,1%","-20,3%","0,49"
871,AHEB5,"33,00","-5,45",7.522.000,16.266.000,"15,26","-42,6%","-280,1%","-20,3%","0,49"
872,AGIN3,"5,29","8,46",239.297.000,1.028.210.000,"1,23","16,6%","14,6%","5,6%","2,72"
873,AGRO3,"16,90","23,77",56.888.900,938.852.000,"1,02","19,5%","4,3%","8,2%","1,81"
874,AGEN33,"0,16","0,39",242.706.000,-1.112.630.000,"-0,03",-,"-8,9%","87,7%","0,09"
875,AGEI3,"7,80","0,00",300.000.000,1.878.210.000,"1,25",-,-,-,"2,45"
876,ACES4,"94,73","8,74",74.320.000,3.105.800.000,"2,27","23,5%","25,9%","26,9%","2,05"
